doc_id;numero_convocatoria;nivel1;nivel2;descripcion;tipos_beneficiarios;sectores;tipo_convocatoria;importe;abierto;fecha_fin_solicitud;heuristic_relevance;heuristic_reason;relevance;annotator;notes
1125928;924367;LOCAL;QUART DE POBLET;Convenio de la Clavaría Virgen de la luz con el Ayuntamiento de Quart de Poblet 2026;PERSONAS JURÍDICAS QUE NO DESARROLLAN ACTIVIDAD ECONÓMICA;OTROS SERVICIOS;Concesión directa - instrumental;6500.0;False;31/12/2026;0;beneficiario no empresarial (asociación/ayuntamiento/parroquia/club/...);0;me;
1125899;924338;LOCAL;MASSANASSA;Subvención nominativa 2026 Cáritas Parroquial, Parroquia San Pedro Apóstol de Massanassa;PERSONAS JURÍDICAS QUE NO DESARROLLAN ACTIVIDAD ECONÓMICA;Educación | Servicios de investigación y seguridad;Concesión directa - instrumental;10000.0;False;;0;beneficiario no empresarial (asociación/ayuntamiento/parroquia/club/...);0;me;
1125898;924337;LOCAL;MASSANASSA;SUBVENCION NOMINATIVA FONS PER LA SOLIDARITAT 2026;PERSONAS JURÍDICAS QUE NO DESARROLLAN ACTIVIDAD ECONÓMICA;ACTIVIDADES SANITARIAS Y DE SERVICIOS SOCIALES;Concesión directa - instrumental;1000.0;False;;0;beneficiario no empresarial (asociación/ayuntamiento/parroquia/club/...);0;me;
1125879;924318;LOCAL;CASTELLÓN DE LA PLANA/CASTELLÓ DE LA PLANA;CONVENIO DE ACUERDO DE LA JGL DEL 02/07/2026 CONCESIÓN DE SUBVENCIÓN NOMINATIVA CON CÁRITAS DIOCESANA DE SEGORBE-CASTELLÓN PARA LA EJECUCIÓN DEL PROYECTO “ATENCIÓN Y ACOMPAÑAMIENTO A PERSONAS EN SITUACIÓN DE SIN HOGAR. AÑO 2026;PERSONAS JURÍDICAS QUE NO DESARROLLAN ACTIVIDAD ECONÓMICA;ACTIVIDADES SANITARIAS Y DE SERVICIOS SOCIALES;Concesión directa - instrumental;630000.0;False;31/12/2026;0;beneficiario no empresarial (asociación/ayuntamiento/parroquia/club/...);0;me;
1125872;924311;LOCAL;MASSANASSA;Subvención nominativa 2025 Cáritas Parroquial, Parroquia San Pedro Apóstol de Massanassa;PERSONAS JURÍDICAS QUE NO DESARROLLAN ACTIVIDAD ECONÓMICA;Actividades de servicios sociales sin alojamiento | Educación;Concesión directa - instrumental;4353.66;False;;0;beneficiario no empresarial (asociación/ayuntamiento/parroquia/club/...);0;me;
1125814;924253;LOCAL;DIPUTACIÓN PROV. DE VALENCIA;Convocatoria SARC_Festivales, muestras y certámenes 2026 ;PERSONAS JURÍDICAS QUE NO DESARROLLAN ACTIVIDAD ECONÓMICA;ACTIVIDADES SANITARIAS Y DE SERVICIOS SOCIALES;Concurrencia competitiva - canónica;260000.0;False;;0;beneficiario no empresarial (asociación/ayuntamiento/parroquia/club/...);0;me;
1125810;924249;LOCAL;QUART DE POBLET;Convenio Asociación Moros y Cristianos con el Ayuntamiento de Quart de Poblet 2026;PERSONAS JURÍDICAS QUE NO DESARROLLAN ACTIVIDAD ECONÓMICA;OTROS SERVICIOS;Concesión directa - instrumental;30000.0;False;31/12/2026;0;beneficiario no empresarial (asociación/ayuntamiento/parroquia/club/...);0;me;
1125791;924230;LOCAL;GUARDAMAR DEL SEGURA;Subvención nominativa al Club Voleibol Guardamar, periodo 2025-2026.;PERSONAS JURÍDICAS QUE NO DESARROLLAN ACTIVIDAD ECONÓMICA;Actividades deportivas;Concesión directa - instrumental;1500.0;False;31/12/2026;0;beneficiario no empresarial (asociación/ayuntamiento/parroquia/club/...);0;me;
1125782;924221;LOCAL;QUART DE POBLET;CONVENIO ASOCIACIÓN SENSE DIFERÈNCIES 2026;PERSONAS JURÍDICAS QUE NO DESARROLLAN ACTIVIDAD ECONÓMICA;EDUCACIÓN;Concesión directa - instrumental;600.0;False;31/12/2026;0;beneficiario no empresarial (asociación/ayuntamiento/parroquia/club/...);0;me;
1125781;924220;LOCAL;DIPUTACIÓN PROV. DE CASTELLÓN;Subvenciones para excursiones socioculturales de Asociaciones y Entidades federativa de personas jubiladas y pensionistas, mujeres y Amas de Casa de la provincia de Castellón. Ejercicio 2026;PERSONAS JURÍDICAS QUE NO DESARROLLAN ACTIVIDAD ECONÓMICA;Otras actividades de servicios sociales sin alojamiento;Concurrencia competitiva - canónica;70000.0;False;11/09/2026;0;beneficiario no empresarial (asociación/ayuntamiento/parroquia/club/...);0;me;
1125778;924217;LOCAL;LORIGUILLA;ADQUISICIÓN DE MATERIAL ESCOLAR DE LOS ALUMNOS/AS ESCOLARIZADOS EN EL PRIMER Y SEGUNDO CICLO DE EDUCACIÓN INFANTIL, ASÍ COMO EN LA ETAPA EDUCATIVA OBLIGATORIA;;;;;;;;;0;me;
"CURSO 2026-2027""";PERSONAS FÍSICAS QUE NO DESARROLLAN ACTIVIDAD ECONÓMICA;Educación preprimaria | Educación primaria | Educación secundaria y educación postsecundaria no terciaria;Concurrencia competitiva - canónica;19000.0;False;;0;beneficiario no empresarial (asociación/ayuntamiento/parroquia/club/...);;;;;0;me;
1125777;924216;LOCAL;ALCORA, L';Convenio cátedra l'Alcora Universitat Jaume I;PERSONAS JURÍDICAS QUE NO DESARROLLAN ACTIVIDAD ECONÓMICA;Otras actividades de servicios sociales sin alojamiento;Concesión directa - instrumental;25000.0;False;30/09/2026;0;beneficiario no empresarial (asociación/ayuntamiento/parroquia/club/...);0;me;
1125772;924211;LOCAL;GUARDAMAR DEL SEGURA;Subvención nominativa al Club Deportivo de Bicicleta de Montaña de Guardamar del Segura. Anualidad 2026.;PERSONAS JURÍDICAS QUE NO DESARROLLAN ACTIVIDAD ECONÓMICA;Actividades deportivas;Concesión directa - instrumental;2500.0;False;31/12/2026;0;beneficiario no empresarial (asociación/ayuntamiento/parroquia/club/...);0;me;
1125762;924201;LOCAL;ALMASSORA;SUBVENCIÓN NOMINATIVA 2026 CLUB GIMNASIA ARTÍSTICA ALMASSORA;PERSONAS JURÍDICAS QUE NO DESARROLLAN ACTIVIDAD ECONÓMICA;Actividades deportivas;Concesión directa - instrumental;6730.72;False;07/08/2026;0;beneficiario no empresarial (asociación/ayuntamiento/parroquia/club/...);0;me;
1125703;924142;LOCAL;ALBUIXECH;Subvención Nominativa Presupuesto 2026 ASOC GRUPO YOGA ALBUIXECH;PERSONAS JURÍDICAS QUE NO DESARROLLAN ACTIVIDAD ECONÓMICA;ACTIVIDADES ARTÍSTICAS, DEPORTIVAS Y DE ENTRETENIMIENTO;Concesión directa - instrumental;500.0;False;;0;beneficiario no empresarial (asociación/ayuntamiento/parroquia/club/...);0;me;
1125698;924137;LOCAL;ALBUIXECH;Subvención Nominativa Presupuesto 2026 ASOCIACIÓ ESCOLA DE DANSA CLÀSSICA ALBUIXECH;PERSONAS JURÍDICAS QUE NO DESARROLLAN ACTIVIDAD ECONÓMICA;ACTIVIDADES ARTÍSTICAS, DEPORTIVAS Y DE ENTRETENIMIENTO;Concesión directa - instrumental;500.0;False;;0;beneficiario no empresarial (asociación/ayuntamiento/parroquia/club/...);0;me;
1125692;924131;LOCAL;ALBUIXECH;Subvención Nominativa Presupuesto 2026 ASSOCIACIÓ DE PILATES DE ALBUIXECH;PERSONAS JURÍDICAS QUE NO DESARROLLAN ACTIVIDAD ECONÓMICA;ACTIVIDADES ARTÍSTICAS, DEPORTIVAS Y DE ENTRETENIMIENTO;Concesión directa - instrumental;500.0;False;;0;beneficiario no empresarial (asociación/ayuntamiento/parroquia/club/...);0;me;
1125689;924128;LOCAL;ALBUIXECH;Subvención Nominativa Presupuesto 2026  ALBUIXECH BOXING CLUB;PERSONAS JURÍDICAS QUE NO DESARROLLAN ACTIVIDAD ECONÓMICA;ACTIVIDADES ARTÍSTICAS, DEPORTIVAS Y DE ENTRETENIMIENTO;Concesión directa - instrumental;1320.0;False;;0;beneficiario no empresarial (asociación/ayuntamiento/parroquia/club/...);0;me;
1125686;924125;LOCAL;ALBUIXECH;Subvención Nominativa Presupuesto 2026 ASOCIACIÓN TAEKWON-DO ALBUIXECH;PERSONAS JURÍDICAS QUE NO DESARROLLAN ACTIVIDAD ECONÓMICA;ACTIVIDADES ARTÍSTICAS, DEPORTIVAS Y DE ENTRETENIMIENTO;Concesión directa - instrumental;2200.0;False;;0;beneficiario no empresarial (asociación/ayuntamiento/parroquia/club/...);0;me;
1125684;924123;LOCAL;ALBUIXECH;Subvención Nominativa Presupuesto 2026 CLUB DE TIR AMB ARC D'ALBUIXECH;PERSONAS JURÍDICAS QUE NO DESARROLLAN ACTIVIDAD ECONÓMICA;ACTIVIDADES ARTÍSTICAS, DEPORTIVAS Y DE ENTRETENIMIENTO;Concesión directa - instrumental;800.0;False;;0;beneficiario no empresarial (asociación/ayuntamiento/parroquia/club/...);0;me;
1125683;924122;LOCAL;DIPUTACIÓN PROV. DE CASTELLÓN;SUBVENCIONES A MUNICIPIOS Y ELM PARA CATÁSTROFES NATURALES 2026, GASTO CORRIENTE( Incendio iniciado en el término de La Vall d'Uixó el 25 de julio de 2026);PERSONAS JURÍDICAS QUE NO DESARROLLAN ACTIVIDAD ECONÓMICA;ACTIVIDADES ARTÍSTICAS, DEPORTIVAS Y DE ENTRETENIMIENTO;Concurrencia competitiva - canónica;940000.0;False;;0;beneficiario no empresarial (asociación/ayuntamiento/parroquia/club/...);0;me;
1125680;924119;LOCAL;ALBUIXECH;Subvención Nominativa Presupuesto 2026 C.F. INDEPENDENT;PERSONAS JURÍDICAS QUE NO DESARROLLAN ACTIVIDAD ECONÓMICA;ACTIVIDADES ARTÍSTICAS, DEPORTIVAS Y DE ENTRETENIMIENTO;Concesión directa - instrumental;8500.0;False;;0;beneficiario no empresarial (asociación/ayuntamiento/parroquia/club/...);0;me;
1125674;924113;LOCAL;GELDO;Geldo y Acción 2026 - VIII Festial de geldo y acción, decreto Alcaldía 2026-0379;PERSONAS FÍSICAS QUE NO DESARROLLAN ACTIVIDAD ECONÓMICA;ACTIVIDADES SANITARIAS Y DE SERVICIOS SOCIALES;Concurrencia competitiva - canónica;2100.0;False;30/06/2026;0;beneficiario no empresarial (asociación/ayuntamiento/parroquia/club/...);0;me;
1125672;924111;LOCAL;TOUS;CONVOCATORIA PARA LA CONCESIÓN DE SUBVENCIONES, EN RÉGIMEN DE CONCURRENCIA COMPETITIVA, CON DESTINO AL FOMENTO DE DEPORTISTAS FEDERADOS DEL MUNICIPIO DE TOUS, AÑO 2026.;PERSONAS JURÍDICAS QUE NO DESARROLLAN ACTIVIDAD ECONÓMICA;ACTIVIDADES ARTÍSTICAS, DEPORTIVAS Y DE ENTRETENIMIENTO;Concurrencia competitiva - canónica;3000.0;False;30/11/2026;0;beneficiario no empresarial (asociación/ayuntamiento/parroquia/club/...);0;me;
1125656;924095;LOCAL;ALBUIXECH;Subvención Nominativa Presupuesto 2026 CLUB COLOMBÓFILO SAN RAMÓN;PERSONAS JURÍDICAS QUE NO DESARROLLAN ACTIVIDAD ECONÓMICA;ACTIVIDADES ARTÍSTICAS, DEPORTIVAS Y DE ENTRETENIMIENTO;Concesión directa - instrumental;600.0;False;;0;beneficiario no empresarial (asociación/ayuntamiento/parroquia/club/...);0;me;
1125653;924092;LOCAL;ALBUIXECH;Subvención Nominativa Presupuesto 2026 SOCIEDAD COLOMBICULTORA LA ALBUIXEQUENSE;PERSONAS JURÍDICAS QUE NO DESARROLLAN ACTIVIDAD ECONÓMICA;ACTIVIDADES ARTÍSTICAS, DEPORTIVAS Y DE ENTRETENIMIENTO;Concesión directa - instrumental;1500.0;False;;0;beneficiario no empresarial (asociación/ayuntamiento/parroquia/club/...);0;me;
1125650;924089;LOCAL;ALBUIXECH;Subvención Nominativa Presupuesto 2026 CLUB PILOTA VALENCIANA ALBUIXECH;PERSONAS JURÍDICAS QUE NO DESARROLLAN ACTIVIDAD ECONÓMICA;ACTIVIDADES ARTÍSTICAS, DEPORTIVAS Y DE ENTRETENIMIENTO;Concesión directa - instrumental;3400.0;False;;0;beneficiario no empresarial (asociación/ayuntamiento/parroquia/club/...);0;me;
1125646;924085;LOCAL;GUARDAMAR DEL SEGURA;Subvención nominativa a la Asociación de Comerciantes de Guardamar del Segura. Anualidad 2026.;PERSONAS JURÍDICAS QUE NO DESARROLLAN ACTIVIDAD ECONÓMICA;Actividades asociativas;Concesión directa - instrumental;7000.0;False;31/12/2026;0;beneficiario no empresarial (asociación/ayuntamiento/parroquia/club/...);0;me;
1125644;924083;LOCAL;ALBUIXECH;Subvención Nominativa Presupuesto 2026 PEÑA CICLISTA EL RAYO;PERSONAS JURÍDICAS QUE NO DESARROLLAN ACTIVIDAD ECONÓMICA;ACTIVIDADES ARTÍSTICAS, DEPORTIVAS Y DE ENTRETENIMIENTO;Concesión directa - instrumental;2100.0;False;;0;beneficiario no empresarial (asociación/ayuntamiento/parroquia/club/...);0;me;
1125632;924071;LOCAL;XALÓ;BASES REGULADORAS Y CONVOCATORIA DE LA CAMPAÑA DE FOMENTO DEL CONSUMO EN EL COMERCIO LOCAL DE XALÓ, MEDIANTE;;;;;;;;;0;me;
LA EMISIÓN DE BONOS DE COMERCIO;" anualidad 2026""";PYME Y PERSONAS FÍSICAS QUE DESARROLLAN ACTIVIDAD ECONÓMICA;ACTIVIDADES DE EDICIÓN, RADIODIFUSIÓN Y PRODUCCIÓN Y DISTRIBUCIÓN DE CONTENIDOS | COMERCIO AL POR MAYOR Y AL POR MENOR | HOSTELERÍA | OTROS SERVICIOS | TRANSPORTE Y ALMACENAMIENTO;Concurrencia competitiva - canónica;81474.0;False;;2;beneficiario empresarial claro;;;;0;me;
1125621;924060;LOCAL;ALBUIXECH;Subvención Directa C.F. Albuixech - Tablets 2026;PERSONAS JURÍDICAS QUE NO DESARROLLAN ACTIVIDAD ECONÓMICA;ACTIVIDADES ARTÍSTICAS, DEPORTIVAS Y DE ENTRETENIMIENTO;Concesión directa - instrumental;832.46;False;;0;beneficiario no empresarial (asociación/ayuntamiento/parroquia/club/...);0;me;
1125567;924006;LOCAL;SUECA;Convocatoria de subvenciones destinadas a la campaña de promoción de bonos comercio del ejercicio 2026;PERSONAS FÍSICAS QUE NO DESARROLLAN ACTIVIDAD ECONÓMICA | PYME Y PERSONAS FÍSICAS QUE DESARROLLAN ACTIVIDAD ECONÓMICA;COMERCIO AL POR MAYOR Y AL POR MENOR;Concurrencia competitiva - canónica;40000.0;False;;0;beneficiario no empresarial (asociación/ayuntamiento/parroquia/club/...);2;me;
1125566;924005;LOCAL;ALBUIXECH;Subvención Nominativa Presupuesto 2026 ASOCIACIÓN NIÑOS SUZUKI EN ACCIÓN;PERSONAS JURÍDICAS QUE NO DESARROLLAN ACTIVIDAD ECONÓMICA;ACTIVIDADES ARTÍSTICAS, DEPORTIVAS Y DE ENTRETENIMIENTO;Concesión directa - instrumental;500.0;False;;0;beneficiario no empresarial (asociación/ayuntamiento/parroquia/club/...);0;me;
1125559;923998;LOCAL;CASTELLÓN DE LA PLANA/CASTELLÓ DE LA PLANA;"Convenio de colaboración entre el Ayuntamiento de Castellón de la Plana y la Valencian Music Association para la realización del proyecto ""Trovam - La Fira Valenciana de la Musica 2026""";PERSONAS JURÍDICAS QUE NO DESARROLLAN ACTIVIDAD ECONÓMICA;ACTIVIDADES ARTÍSTICAS, DEPORTIVAS Y DE ENTRETENIMIENTO;Concesión directa - instrumental;25000.0;False;31/12/2026;0;beneficiario no empresarial (asociación/ayuntamiento/parroquia/club/...);0;me;
1125558;923997;LOCAL;ELIANA, L';Subvención nominativa a favor de la Asociación de Jubilados y Pensionistas de l’Eliana 2026;PERSONAS JURÍDICAS QUE NO DESARROLLAN ACTIVIDAD ECONÓMICA;Otras actividades de servicios sociales sin alojamiento;Concesión directa - instrumental;6000.0;False;;0;beneficiario no empresarial (asociación/ayuntamiento/parroquia/club/...);0;me;
1125553;923992;LOCAL;GUARDAMAR DEL SEGURA;Subvención Nominativa a la Peña Cicloturista de Guardamar del Segura. Anualidad 2026.;PERSONAS JURÍDICAS QUE NO DESARROLLAN ACTIVIDAD ECONÓMICA;Actividades deportivas;Concesión directa - instrumental;5500.0;False;31/12/2026;0;beneficiario no empresarial (asociación/ayuntamiento/parroquia/club/...);0;me;
1125551;923990;LOCAL;POBLA DE VALLBONA, LA;Convocatoria de subvenciones en régimen de concurrencia competitiva destinadas a entidades sin ánimo de lucro para desarrollar proyectos y actividades festivas, ejercicio 2026;PERSONAS JURÍDICAS QUE NO DESARROLLAN ACTIVIDAD ECONÓMICA;Otras actividades asociativas;Concurrencia competitiva - canónica;3901.03;False;;0;beneficiario no empresarial (asociación/ayuntamiento/parroquia/club/...);0;me;
1125550;923989;LOCAL;ALBUIXECH;Subvención Directa Reparaciones Altar - PARROQUIA NTRA SRA DE ALBUIXECH;PERSONAS JURÍDICAS QUE NO DESARROLLAN ACTIVIDAD ECONÓMICA;ACTIVIDADES ARTÍSTICAS, DEPORTIVAS Y DE ENTRETENIMIENTO | OTROS SERVICIOS;Concesión directa - instrumental;500.0;False;;0;beneficiario no empresarial (asociación/ayuntamiento/parroquia/club/...);0;me;
1125545;923984;LOCAL;ELIANA, L';SUBVENCIÓN ASOCIACIÓN DE FAMILIARES DE ENFERMOS MENTALES DE PATERNA, L’ELIANA Y SAN ANTONIO DE BENAGÉBER;;;;;;;;;0;me;
"(AFEMPES) 2026""";PERSONAS JURÍDICAS QUE NO DESARROLLAN ACTIVIDAD ECONÓMICA;Otras actividades de servicios sociales sin alojamiento;Concesión directa - instrumental;9000.0;False;;0;beneficiario no empresarial (asociación/ayuntamiento/parroquia/club/...);;;;;0;me;
1125544;923983;LOCAL;ALBUIXECH;Subvención Nominativa Presupuesto 2026 PARROQUIA NTRA SRA. DE ALBUIXECH;PERSONAS JURÍDICAS QUE NO DESARROLLAN ACTIVIDAD ECONÓMICA;ACTIVIDADES ARTÍSTICAS, DEPORTIVAS Y DE ENTRETENIMIENTO | OTROS SERVICIOS;Concesión directa - instrumental;500.0;False;;0;beneficiario no empresarial (asociación/ayuntamiento/parroquia/club/...);0;me;
1125540;923979;LOCAL;BENIMODO;SUBVENCIÓN NOMINATIVA CLUB DE PADEL;PERSONAS JURÍDICAS QUE NO DESARROLLAN ACTIVIDAD ECONÓMICA;ACTIVIDADES ARTÍSTICAS, DEPORTIVAS Y DE ENTRETENIMIENTO;Concesión directa - instrumental;750.0;False;30/11/2026;0;beneficiario no empresarial (asociación/ayuntamiento/parroquia/club/...);0;me;
1125539;923978;LOCAL;ALBUIXECH;Subvención Nominativa Presupuesto 2026 ASOCIACIÓN CAMARERAS DE LA VIRGEN DE ALBUIXECH;PERSONAS JURÍDICAS QUE NO DESARROLLAN ACTIVIDAD ECONÓMICA;ACTIVIDADES ARTÍSTICAS, DEPORTIVAS Y DE ENTRETENIMIENTO | OTROS SERVICIOS;Concesión directa - instrumental;1000.0;False;;0;beneficiario no empresarial (asociación/ayuntamiento/parroquia/club/...);0;me;
1125537;923976;LOCAL;ALBUIXECH;Subvención Nominativa Presupuesto 2026 ANEM A L'ERMITA;PERSONAS JURÍDICAS QUE NO DESARROLLAN ACTIVIDAD ECONÓMICA;ACTIVIDADES ARTÍSTICAS, DEPORTIVAS Y DE ENTRETENIMIENTO | OTROS SERVICIOS;Concesión directa - instrumental;1500.0;False;;0;beneficiario no empresarial (asociación/ayuntamiento/parroquia/club/...);0;me;
1125532;923971;LOCAL;ALBUIXECH;Subvención Nominativa Presupuesto 2026 ALBUIXECH ROCK A L'HORTA NORD ASSOCIACIÓ MUSICAL;PERSONAS JURÍDICAS QUE NO DESARROLLAN ACTIVIDAD ECONÓMICA;ACTIVIDADES ARTÍSTICAS, DEPORTIVAS Y DE ENTRETENIMIENTO;Concesión directa - instrumental;500.0;False;;0;beneficiario no empresarial (asociación/ayuntamiento/parroquia/club/...);0;me;
1125528;923967;LOCAL;ALBUIXECH;Subvención Nominativa Presupuesto 2026 BATUCADA DE ALBUIXECH - BATUXECH;PERSONAS JURÍDICAS QUE NO DESARROLLAN ACTIVIDAD ECONÓMICA;ACTIVIDADES ARTÍSTICAS, DEPORTIVAS Y DE ENTRETENIMIENTO;Concesión directa - instrumental;2350.0;False;;0;beneficiario no empresarial (asociación/ayuntamiento/parroquia/club/...);0;me;
1125515;923954;LOCAL;ALBUIXECH;SUBVENCIÓN DIRECTA ECLIPSE TOTAL 2026 ASOC ASTRONÓMICA;PERSONAS JURÍDICAS QUE NO DESARROLLAN ACTIVIDAD ECONÓMICA;ACTIVIDADES ARTÍSTICAS, DEPORTIVAS Y DE ENTRETENIMIENTO;Concesión directa - instrumental;5000.0;False;;0;beneficiario no empresarial (asociación/ayuntamiento/parroquia/club/...);0;me;
1125512;923951;LOCAL;ALBUIXECH;Subvención Nominativa Presupuesto 2026 ASOC ASTRONÓMICA DE ALBUIXECH;PERSONAS JURÍDICAS QUE NO DESARROLLAN ACTIVIDAD ECONÓMICA;ACTIVIDADES ARTÍSTICAS, DEPORTIVAS Y DE ENTRETENIMIENTO;Concesión directa - instrumental;2350.0;False;;0;beneficiario no empresarial (asociación/ayuntamiento/parroquia/club/...);0;me;
1125509;923948;LOCAL;ALBUIXECH;Subvención Nominativa Presupuesto 2026 SOC PROTECTORA D'ANIMALS I PLANTES ARC DE SANT MARTÍ;PERSONAS JURÍDICAS QUE NO DESARROLLAN ACTIVIDAD ECONÓMICA;OTROS SERVICIOS;Concesión directa - instrumental;1100.0;False;;0;beneficiario no empresarial (asociación/ayuntamiento/parroquia/club/...);0;me;
1125508;923947;LOCAL;CASTELLÓN DE LA PLANA/CASTELLÓ DE LA PLANA;CONVENIO REGULADOR DE LA SUBVENCIÓN EN ESPECIE CONCEDIDA POR EL AYUNTAMIENTO DE CASTELLÓN DE LA PLANA AL AYUNTAMIENTO DE L’ALCÚDIA CONSISTENTE EN LA ENTREGA DE VEHÍCULOS POLICIALES DIRIGIDOS A REPONER O SUSTITUIR VEHÍCULOS SINIESTRADOS POR LA DANA;PERSONAS JURÍDICAS QUE NO DESARROLLAN ACTIVIDAD ECONÓMICA;ADMINISTRACIÓN PÚBLICA Y DEFENSA;;;;;;;0;me;
1125496;923935;LOCAL;CASTELLÓN DE LA PLANA/CASTELLÓ DE LA PLANA;CONVENIO REGULADOR DE LA SUBVENCIÓN EN ESPECIE CONCEDIDA POR EL AYUNTAMIENTO DE CASTELLÓN DE LA PLANA AL AYUNTAMIENTO DE GUADASSUAR CONSISTENTE EN LA ENTREGA DE VEHÍCULOS POLICIALES DIRIGIDOS A REPONER O SUSTITUIR VEHÍCULOS SINIESTRADOS POR LA DANA;PERSONAS JURÍDICAS QUE NO DESARROLLAN ACTIVIDAD ECONÓMICA;ADMINISTRACIÓN PÚBLICA Y DEFENSA;;;;;;;0;me;
1125493;923932;LOCAL;CASTELLÓN DE LA PLANA/CASTELLÓ DE LA PLANA;CONVENIO REGULADOR DE LA SUBVENCIÓN EN ESPECIE CONCEDIDA POR EL AYUNTAMIENTO DE CASTELLÓN DE LA PLANA AL AYUNTAMIENTO DE CHESTE CONSISTENTE EN LA ENTREGA DE VEHÍCULOS POLICIALES DIRIGIDOS A REPONER O SUSTITUIR VEHÍCULOS SINIESTRADOS POR LA DANA;PERSONAS JURÍDICAS QUE NO DESARROLLAN ACTIVIDAD ECONÓMICA;ADMINISTRACIÓN PÚBLICA Y DEFENSA;;;;;;;0;me;
1125491;923930;LOCAL;ALBUIXECH;Subvención Nominativa Presupuesto 2026 ASOCIACIÓN JUBILADOS ALBUIXECH;PERSONAS JURÍDICAS QUE NO DESARROLLAN ACTIVIDAD ECONÓMICA;ACTIVIDADES ARTÍSTICAS, DEPORTIVAS Y DE ENTRETENIMIENTO;Concesión directa - instrumental;1650.0;False;;0;beneficiario no empresarial (asociación/ayuntamiento/parroquia/club/...);0;me;
1125486;923925;LOCAL;ALGEMESÍ;III CERTAMEN GASTRONÓMICO DE RABO DE TORO;PYME Y PERSONAS FÍSICAS QUE DESARROLLAN ACTIVIDAD ECONÓMICA;Actividades de bibliotecas, archivos, museos y otras actividades culturales;Concurrencia competitiva - canónica;1900.0;False;11/09/2026;0;premio/certamen/concurso, no es ayuda económica a la actividad empresarial;0;me;
1125474;923913;LOCAL;PILAR DE LA HORADADA;CONVOCATORIA DE AYUDAS A LA POBLACIÓN JOVEN EMANCIPADA DE ENTRE 18 Y 35 AÑOS DE PILAR DE LA HORADADA, EJERCICIO 2026.;PERSONAS FÍSICAS QUE NO DESARROLLAN ACTIVIDAD ECONÓMICA;OTROS SERVICIOS;Concesión directa - canónica;6000.0;False;04/10/2026;0;beneficiario no empresarial (asociación/ayuntamiento/parroquia/club/...);0;me;
1125473;923912;LOCAL;CASTELLÓN DE LA PLANA/CASTELLÓ DE LA PLANA;CONVENIO REGULADOR DE LA SUBVENCIÓN EN ESPECIE CONCEDIDA POR EL AYUNTAMIENTO DE CASTELLÓN DE LA PLANA AL AYUNTAMIENTO DE SEDAVÍ CONSISTENTE EN LA ENTREGA DE VEHÍCULOS POLICIALES DIRIGIDOS A REPONER O SUSTITUIR VEHÍCULOS SINIESTRADOS POR LA DANA;PERSONAS JURÍDICAS QUE NO DESARROLLAN ACTIVIDAD ECONÓMICA;ADMINISTRACIÓN PÚBLICA Y DEFENSA;;;;;;;0;me;
1125468;923907;LOCAL;ALBUIXECH;Subvención Nominativa Presupuesto 2026 FALLA REI EN JAUME I;PERSONAS JURÍDICAS QUE NO DESARROLLAN ACTIVIDAD ECONÓMICA;ACTIVIDADES ARTÍSTICAS, DEPORTIVAS Y DE ENTRETENIMIENTO;Concesión directa - instrumental;2500.0;False;;0;beneficiario no empresarial (asociación/ayuntamiento/parroquia/club/...);0;me;
1125460;923899;LOCAL;ALMASSORA;SUBVENCIÓN NOMINATIVA 2026 ALMASSORA CLUB PATÍ;PERSONAS JURÍDICAS QUE NO DESARROLLAN ACTIVIDAD ECONÓMICA;Actividades deportivas;Concesión directa - instrumental;13654.38;False;05/08/2026;0;beneficiario no empresarial (asociación/ayuntamiento/parroquia/club/...);0;me;
1125458;923897;LOCAL;CASTELLÓN DE LA PLANA/CASTELLÓ DE LA PLANA;CONVENIO REGULADOR DE LA SUBVENCIÓN EN ESPECIE CONCEDIDA POR EL AYUNTAMIENTO DE CASTELLÓN DE LA PLANA AL AYUNTAMIENTO DE REQUENA CONSISTENTE EN LA ENTREGA DE VEHÍCULOS POLICIALES DIRIGIDOS A REPONER O SUSTITUIR VEHÍCULOS SINIESTRADOS POR LA DANA;PERSONAS JURÍDICAS QUE NO DESARROLLAN ACTIVIDAD ECONÓMICA;ADMINISTRACIÓN PÚBLICA Y DEFENSA;;;;;;;0;me;
1125454;923893;LOCAL;ALBUIXECH;Subvención Nominativa Presupuesto 2026 FALLA SANT RAMÓN;PERSONAS JURÍDICAS QUE NO DESARROLLAN ACTIVIDAD ECONÓMICA;ACTIVIDADES ARTÍSTICAS, DEPORTIVAS Y DE ENTRETENIMIENTO;Concesión directa - instrumental;2750.0;False;;0;beneficiario no empresarial (asociación/ayuntamiento/parroquia/club/...);0;me;
1125452;923891;LOCAL;ALGEMESÍ;XXXII PREMIO PINTURA CIUTAT D'ALGEMESÍ;PYME Y PERSONAS FÍSICAS QUE DESARROLLAN ACTIVIDAD ECONÓMICA;Actividades de bibliotecas, archivos, museos y otras actividades culturales;Concurrencia competitiva - canónica;6000.0;False;21/10/2026;0;premio/certamen/concurso, no es ayuda económica a la actividad empresarial;0;me;
1125449;923888;LOCAL;ALBUIXECH;Subvención Nominativa Presupuesto 2026 ASOCIACIÓN AMAS DE CASA DE ALBUIXECH;PERSONAS JURÍDICAS QUE NO DESARROLLAN ACTIVIDAD ECONÓMICA;ACTIVIDADES ARTÍSTICAS, DEPORTIVAS Y DE ENTRETENIMIENTO;Concesión directa - instrumental;2000.0;False;;0;beneficiario no empresarial (asociación/ayuntamiento/parroquia/club/...);0;me;
1125447;923886;LOCAL;MUSEROS;Anuncio del Ayuntamiento de Museros sobre convocatoria de premios al uso del valenciano en el comercio local de Museros 2026.;PYME Y PERSONAS FÍSICAS QUE DESARROLLAN ACTIVIDAD ECONÓMICA;COMERCIO AL POR MAYOR Y AL POR MENOR;Concurrencia competitiva - canónica;2000.0;False;;0;premio/certamen/concurso, no es ayuda económica a la actividad empresarial;0;me;
1125446;923885;LOCAL;VILLENA;Acuerdo de la Junta de Gobierno Local, de 27 de julio de 2026, dar cuenta de a aprobación de las BASES Y CONVOCATORIA DE BECAS DEPORTIVAS/PREMIOS, ANUALIDAD 2026;PERSONAS FÍSICAS QUE NO DESARROLLAN ACTIVIDAD ECONÓMICA;Actividades deportivas;Concurrencia competitiva - canónica;8000.0;False;;0;premio/certamen/concurso, no es ayuda económica a la actividad empresarial;0;me;
1125441;923880;LOCAL;ALBUIXECH;Subvención Directa - Kanta Albuixech 2026;PERSONAS JURÍDICAS QUE NO DESARROLLAN ACTIVIDAD ECONÓMICA;ACTIVIDADES ARTÍSTICAS, DEPORTIVAS Y DE ENTRETENIMIENTO;Concesión directa - instrumental;5000.0;False;;0;beneficiario no empresarial (asociación/ayuntamiento/parroquia/club/...);0;me;
1125436;923875;LOCAL;CASTELLÓN DE LA PLANA/CASTELLÓ DE LA PLANA;Extracto de las bases reguladoras y la convocatoria del los Premios Castellón Emprende 2026;PYME Y PERSONAS FÍSICAS QUE DESARROLLAN ACTIVIDAD ECONÓMICA;Actividades relacionadas con el empleo;Concurrencia competitiva - canónica;398750.0;False;30/10/2026;0;premio/certamen/concurso, no es ayuda económica a la actividad empresarial;0;me;
1125434;923873;LOCAL;ALBUIXECH;Subvención Nominativa Presupuesto 2026 SDAD MUSICAL ESLAVA- ESCUELA;PERSONAS JURÍDICAS QUE NO DESARROLLAN ACTIVIDAD ECONÓMICA;EDUCACIÓN;Concesión directa - instrumental;9350.0;False;;0;beneficiario no empresarial (asociación/ayuntamiento/parroquia/club/...);0;me;
1125429;923868;LOCAL;ALBUIXECH;Subvención nominativa Presupuesto 2026 SDAD MUSICAL ESLAVA;PERSONAS JURÍDICAS QUE NO DESARROLLAN ACTIVIDAD ECONÓMICA;ACTIVIDADES ARTÍSTICAS, DEPORTIVAS Y DE ENTRETENIMIENTO;Concesión directa - instrumental;9310.0;False;;0;beneficiario no empresarial (asociación/ayuntamiento/parroquia/club/...);0;me;
1125426;923865;LOCAL;ALBUIXECH;Subvención nominativa Presupuesto 2026 AMPA CEIP TOMÀS ALBERT;PERSONAS JURÍDICAS QUE NO DESARROLLAN ACTIVIDAD ECONÓMICA;EDUCACIÓN;Concesión directa - instrumental;2915.0;False;31/10/2025;0;beneficiario no empresarial (asociación/ayuntamiento/parroquia/club/...);0;me;
1125419;923858;LOCAL;ALBUIXECH;Subvención nominativa Presupuesto 2026 CEIP TOMÀS ALBERT;PERSONAS JURÍDICAS QUE NO DESARROLLAN ACTIVIDAD ECONÓMICA;EDUCACIÓN;Concesión directa - instrumental;13800.0;False;;0;beneficiario no empresarial (asociación/ayuntamiento/parroquia/club/...);0;me;
1125418;923857;LOCAL;VILLENA;Acuerdo de la Junta de Gobierno Local, de 27 de julio de 2026, dar cuenta de la aprobación de las BASES Y CONVOCATORIA DE SUBVENCIONES A ENTIDADES Y CLUBES DEPORTIVOS, ANUALIDAD 2026;PERSONAS JURÍDICAS QUE NO DESARROLLAN ACTIVIDAD ECONÓMICA;Actividades deportivas;Concurrencia competitiva - canónica;110000.0;False;;0;beneficiario no empresarial (asociación/ayuntamiento/parroquia/club/...);0;me;
1125361;923800;LOCAL;VALENCIA;SUBVENCIÓN DIRECTA A CRUZ ROJA ESPAÑOLA PARA IMPULSAR EL VOLUNTARIADO SOCIOAMBIENTAL PARA LA PROTECCIÓN DE LA DIVERSIDAD Y LA PREVENCIÓN DE INCENDIOS FORESTALES EN EL PARQUE NATURAL DE L’ALBUFERA DE VALÈNCIA;PERSONAS JURÍDICAS QUE NO DESARROLLAN ACTIVIDAD ECONÓMICA;Actividades asociativas;Concesión directa - instrumental;8100.0;False;;0;beneficiario no empresarial (asociación/ayuntamiento/parroquia/club/...);0;me;
1125359;923798;LOCAL;ALGEMESÍ;X EDICIÓN PREMIOS LITERARIOS CIUDAD DE ALGEMESÍ;PYME Y PERSONAS FÍSICAS QUE DESARROLLAN ACTIVIDAD ECONÓMICA;Actividades de bibliotecas, archivos, museos y otras actividades culturales;Concurrencia competitiva - canónica;4000.0;False;18/12/2026;0;premio/certamen/concurso, no es ayuda económica a la actividad empresarial;0;me;
1125288;923727;LOCAL;CHIVA;BASES Y CONVOCATORIA DE LA XXXV EDICIÓN DE LOS PREMIOS OTOÑO “VILLA DE CHIVA” 2026;PERSONAS FÍSICAS QUE NO DESARROLLAN ACTIVIDAD ECONÓMICA;Actividades de creación artística y artes escénicas;Concurrencia competitiva - canónica;6000.0;False;30/10/2026;0;premio/certamen/concurso, no es ayuda económica a la actividad empresarial;0;me;
1125285;923724;LOCAL;MANCOMUNIDAD INTERMUNICIPAL DEL ALTO PALANCIA;Concurso de ideas y proyectos para la conservación, difusión y puesta en valor del patrimonio material e inmaterial del Alto Palancia;GRAN EMPRESA | PERSONAS FÍSICAS QUE NO DESARROLLAN ACTIVIDAD ECONÓMICA | PERSONAS JURÍDICAS QUE NO DESARROLLAN ACTIVIDAD ECONÓMICA | PYME Y PERSONAS FÍSICAS QUE DESARROLLAN ACTIVIDAD ECONÓMICA;Conservación, restauración y otras actividades de apoyo al patrimonio cultural;Concurrencia competitiva - canónica;3000.0;False;;0;premio/certamen/concurso, no es ayuda económica a la actividad empresarial;0;me;
1125248;923687;LOCAL;ALICANTE/ALACANT;CONCESIÓN SUBVENCIÓN NOMINATIVA A  LA FEDERACIÓN DE BARRACAS DE ALICANTE 2026;PERSONAS JURÍDICAS QUE NO DESARROLLAN ACTIVIDAD ECONÓMICA;ACTIVIDADES SANITARIAS Y DE SERVICIOS SOCIALES;Concesión directa - instrumental;5000.0;False;;0;beneficiario no empresarial (asociación/ayuntamiento/parroquia/club/...);0;me;
1125243;923682;LOCAL;ALMORADÍ;EXP. 5682/2026.- SUBVENCION NOMINATIVA ANUALIDAD 2026 TEACTIVA.;PERSONAS JURÍDICAS QUE NO DESARROLLAN ACTIVIDAD ECONÓMICA;ACTIVIDADES SANITARIAS Y DE SERVICIOS SOCIALES;Concesión directa - instrumental;2500.0;False;31/10/2026;0;beneficiario no empresarial (asociación/ayuntamiento/parroquia/club/...);0;me;
1125216;923655;LOCAL;VILAMARXANT;CONVOCATORIA DE AYUDAS SOCIALES INDIVIDUALIZADAS EN MATERIA DE “AYUDAS PARA ACTIVIDADES CULTURALES Y DEPORTIVAS PERSONAS VULNERABLES 2026”;PYME Y PERSONAS FÍSICAS QUE DESARROLLAN ACTIVIDAD ECONÓMICA;EDUCACIÓN;Concesión directa - canónica;8000.0;False;15/12/2026;2;beneficiario empresarial claro;2;me;
1125178;923617;LOCAL;ELDA;CONVENIO SUBVENCIÓN DIRECTA NOMINATIVA MUSEO DEL CALZADO ELDA - IDELSA ANUALIDAD 2026;PERSONAS JURÍDICAS QUE NO DESARROLLAN ACTIVIDAD ECONÓMICA;ACTIVIDADES ARTÍSTICAS, DEPORTIVAS Y DE ENTRETENIMIENTO;Concesión directa - instrumental;137557.24;False;01/12/2026;0;beneficiario no empresarial (asociación/ayuntamiento/parroquia/club/...);0;me;
1125171;923610;LOCAL;ELDA;APROBACIÓN ACUERDO CONVENIO CONCESIÓN SUBVENCIÓN NOMINATIVA, PREVISTA PRESUPUESTO IDELSA EJERCICIO 2026, A LA ASOCIACIÓN DE JÓVENES EMPRESARIOS COMARCA DEL MEDIO VINALOPÓ Y FEDERACIÓN DE ASOCIACIONES DE JÓVENES EMPRESARIOS PROVINCIA ALICANTE (JOVEMPA);PERSONAS JURÍDICAS QUE NO DESARROLLAN ACTIVIDAD ECONÓMICA;OTROS SERVICIOS;Concesión directa - instrumental;18000.0;False;15/11/2026;0;beneficiario no empresarial (asociación/ayuntamiento/parroquia/club/...);0;me;
1125164;923603;LOCAL;BURJASSOT;OCTAVA CONVOCATORIA CONCESION DE SUBVENCIONES DESTINADAS A LAS PRESTACIONES ECONOMICAS INDIVIDUALIZADAS EN MATERIA DE SERVICIOS SOCIALES ( PEISS) EJERCICIO 2026;PERSONAS FÍSICAS QUE NO DESARROLLAN ACTIVIDAD ECONÓMICA;Actividades de servicios sociales sin alojamiento;Concesión directa - canónica;192209.92;False;18/12/2026;0;beneficiario no empresarial (asociación/ayuntamiento/parroquia/club/...);0;me;
1125163;923602;LOCAL;ELDA;APROBACIÓN DEL CONVENIO POR EL QUE SE CONCEDE Y CANALIZA UNA SUBVENCIÓN NOMINATIVA, PREVISTA EN EL PRESUPUESTO GENERAL DEL INSTITUTO DE DESARROLLO DE ELDA (IDELSA) PARA EL EJERCICIO 2026, A LA ASOCIACIÓN VALENCIANA DE EMPRESARIOS DEL CALZADO (AVECAL);PERSONAS JURÍDICAS QUE NO DESARROLLAN ACTIVIDAD ECONÓMICA;Industria del cuero y productos relacionados de otros materiales;Concesión directa - instrumental;12000.0;False;31/10/2026;0;beneficiario no empresarial (asociación/ayuntamiento/parroquia/club/...);0;me;
1125145;923584;LOCAL;DIPUTACIÓN PROV. DE VALENCIA;CONVOCATORIA SUBV. AYUNTAMIENTO DE ALBAIDA DESTINADA A LA EDICIÓN E IMPRESIÓN CATÁLOGO DE LA EXPOSICIÓN JOSÉ SEGRELLES;PERSONAS JURÍDICAS QUE NO DESARROLLAN ACTIVIDAD ECONÓMICA;ACTIVIDADES ARTÍSTICAS, DEPORTIVAS Y DE ENTRETENIMIENTO;Concesión directa - instrumental;3586.13;True;;0;beneficiario no empresarial (asociación/ayuntamiento/parroquia/club/...);0;me;
1125142;923581;LOCAL;ALTEA;"CONVENIO DE JULIO 2026 A JUNIO 2027 CON LA ENTIDAD ""PUBLICA DE DESARROLLO MUNICIPAL MP, S.A."" PARA SUFRAGAR GASTOS FINANCIEROS DEL PRÉSTAMO FINCA SANTA BÁRBARA. CONVENIO 29/07/2026";PERSONAS JURÍDICAS QUE NO DESARROLLAN ACTIVIDAD ECONÓMICA;ACTIVIDADES FINANCIERAS Y DE SEGUROS;Concesión directa - instrumental;126609.6;False;;0;beneficiario no empresarial (asociación/ayuntamiento/parroquia/club/...);0;me;
1125136;923575;LOCAL;DIPUTACIÓN PROV. DE VALENCIA;CONVOCATORIA SUBVENCIÓN A LA SOCIEDAD DE FESTEROS DEL SANTÍSIMO CRISTO DE LA AGONÍA DE ONTINYENT DESTINADA A LA ADQUISICIÓN DE ARCOS ORNAMENTALES FIESTAS MOROS Y CRISTIANOS;PERSONAS JURÍDICAS QUE NO DESARROLLAN ACTIVIDAD ECONÓMICA;ACTIVIDADES ARTÍSTICAS, DEPORTIVAS Y DE ENTRETENIMIENTO;Concesión directa - instrumental;151431.5;True;;0;beneficiario no empresarial (asociación/ayuntamiento/parroquia/club/...);0;me;
1125135;923574;LOCAL;CASTELLÓN DE LA PLANA/CASTELLÓ DE LA PLANA;"Convenio de colaboración entre el Ayuntamiento de Castellón de la Plana y el Conservatori Superior de Música Salvador Seguí para la realización del proyecto ""Cursos Monográficos de Perfeccionamiento 2025-2026""";PERSONAS JURÍDICAS QUE NO DESARROLLAN ACTIVIDAD ECONÓMICA;ACTIVIDADES ARTÍSTICAS, DEPORTIVAS Y DE ENTRETENIMIENTO;Concesión directa - instrumental;6000.0;False;31/12/2026;0;beneficiario no empresarial (asociación/ayuntamiento/parroquia/club/...);0;me;
1125119;923558;LOCAL;VILLENA;Certificado de acuerdo de la Junta de Gobierno Local, de 13 de julio de 2025, por el que se aprueban las BASES Y CONVOCATORIA DE;;;;;;;;;0;me;
"MARATÓN FOTOGRÁFICO CIUDAD DE VILLENA 2026""";PERSONAS FÍSICAS QUE NO DESARROLLAN ACTIVIDAD ECONÓMICA;ACTIVIDADES ARTÍSTICAS, DEPORTIVAS Y DE ENTRETENIMIENTO;Concurrencia competitiva - canónica;2000.0;False;;0;beneficiario no empresarial (asociación/ayuntamiento/parroquia/club/...);;;;;0;me;
1125108;923547;LOCAL;ALGINET;Resolución Nº1472 de 04/08/2026: Aprobación concesión subvención nominativa 26 JUNTA LOCAL FALLERA;PERSONAS JURÍDICAS QUE NO DESARROLLAN ACTIVIDAD ECONÓMICA;OTROS SERVICIOS;Concesión directa - instrumental;6000.0;False;31/12/2026;0;beneficiario no empresarial (asociación/ayuntamiento/parroquia/club/...);0;me;
1125092;923531;LOCAL;GUARDAMAR DEL SEGURA;Bases reguladoras y convocatoria para la concesión de ayudas al comedor escolar de la E.M.I. L'Escoleta para el curso 2025-2026.;PERSONAS FÍSICAS QUE NO DESARROLLAN ACTIVIDAD ECONÓMICA;Educación;Concurrencia competitiva - canónica;4000.0;False;21/08/2026;0;beneficiario no empresarial (asociación/ayuntamiento/parroquia/club/...);0;me;
1125080;923519;LOCAL;NÁQUERA;BASES DE CONCESIÓN DE LA SUBVENCIÓN AL CLUB ESPORT CICLISTE DE NÀQUERA;PERSONAS JURÍDICAS QUE NO DESARROLLAN ACTIVIDAD ECONÓMICA;ACTIVIDADES ARTÍSTICAS, DEPORTIVAS Y DE ENTRETENIMIENTO;Concesión directa - instrumental;20000.0;False;30/11/2026;0;beneficiario no empresarial (asociación/ayuntamiento/parroquia/club/...);0;me;
1125071;923510;LOCAL;NÁQUERA;Concesión de ayudas para colaborar en los gastos derivados del mantenimiento del Club Global Náquera Club deFutbol así como promoción y la competición deportiva en las disciplinas de futbol y la;;;;;;;;;0;me;
"promoción del futbol base.""";PERSONAS JURÍDICAS QUE NO DESARROLLAN ACTIVIDAD ECONÓMICA;ACTIVIDADES ARTÍSTICAS, DEPORTIVAS Y DE ENTRETENIMIENTO | EDUCACIÓN;Concesión directa - instrumental;2500.0;False;30/11/2026;0;beneficiario no empresarial (asociación/ayuntamiento/parroquia/club/...);;;;;0;me;
1125069;923508;LOCAL;ONTINYENT;CONVOCATORIA PARA LA CONCESIÓN DE SUBVENCIONES A LAS ASOCIACIONES DEL MUNICIPIO De ONTINYENT QUE DESARROLLAN PROYECTOS PARA PROMOVER LA IGUALDAD ENTRE MUJERES Y HOMBRES Y/O PREVENIR Y ERRADICAR TODO TIPOS DE VIOLENCIA DE GÉNERO. AÑO 2026;PERSONAS JURÍDICAS QUE NO DESARROLLAN ACTIVIDAD ECONÓMICA;ACTIVIDADES SANITARIAS Y DE SERVICIOS SOCIALES;Concurrencia competitiva - canónica;5919.0;False;;0;beneficiario no empresarial (asociación/ayuntamiento/parroquia/club/...);0;me;
1125049;923488;LOCAL;ALICANTE/ALACANT;CONCESIÓN SUBVENCIÓN NOMINATIVA A LA COMISIÓN DE FIESTAS BARRIO DE SANTA CRUZ CRUCES DE MAYO 2026;PERSONAS JURÍDICAS QUE NO DESARROLLAN ACTIVIDAD ECONÓMICA;ACTIVIDADES SANITARIAS Y DE SERVICIOS SOCIALES;Concesión directa - instrumental;6000.0;False;;0;beneficiario no empresarial (asociación/ayuntamiento/parroquia/club/...);0;me;
1125048;923487;LOCAL;ALICANTE/ALACANT;CONCESIÓN SUBVENCIÓN NOMINATIVA COMISIÓN DE FIESTAS PORRATE DE SAN ANTÓN 2026;PERSONAS JURÍDICAS QUE NO DESARROLLAN ACTIVIDAD ECONÓMICA;ACTIVIDADES SANITARIAS Y DE SERVICIOS SOCIALES;Concesión directa - instrumental;6000.0;False;;0;beneficiario no empresarial (asociación/ayuntamiento/parroquia/club/...);0;me;
1125046;923485;LOCAL;MASSAMAGRELL;"""VI PREMIS A L’ÚS DEL VALENCIÀ EN EL COMERÇ LOCAL DE L’AJUNTAMENT DE MASSAMAGRELL"", 2026";GRAN EMPRESA | PYME Y PERSONAS FÍSICAS QUE DESARROLLAN ACTIVIDAD ECONÓMICA;COMERCIO AL POR MAYOR Y AL POR MENOR;Concurrencia competitiva - canónica;4000.0;False;;2;beneficiario empresarial claro;2;me;
1124996;923435;LOCAL;BORRIANA/BURRIANA;subvenciones para financiar proyectos de actividades dirigidas a la juventud;PERSONAS JURÍDICAS QUE NO DESARROLLAN ACTIVIDAD ECONÓMICA;ACTIVIDADES ARTÍSTICAS, DEPORTIVAS Y DE ENTRETENIMIENTO | ADMINISTRACIÓN PÚBLICA Y DEFENSA;;;;;;;0;me;
1124935;923374;LOCAL;CASTELLÓN DE LA PLANA/CASTELLÓ DE LA PLANA;"Convenio de colaboración entre el Ayuntamiento de Castellón de la Plana y la Asociación Cultural Amigos del Belén Viviente San José Obrero de Castelló 1996 para la realización del proyecto ""Belén Viviente San José Obrero 2026""";PERSONAS JURÍDICAS QUE NO DESARROLLAN ACTIVIDAD ECONÓMICA;ACTIVIDADES ARTÍSTICAS, DEPORTIVAS Y DE ENTRETENIMIENTO;Concesión directa - instrumental;2000.0;False;31/12/2026;0;beneficiario no empresarial (asociación/ayuntamiento/parroquia/club/...);0;me;
1124915;923354;LOCAL;MASSANASSA;"Subvención nominativa 2025 a la Unión democrática de Jubilados y pensionistas ""La plaça""";PERSONAS JURÍDICAS QUE NO DESARROLLAN ACTIVIDAD ECONÓMICA;Actividades asociativas;Concesión directa - instrumental;1200.0;False;;0;beneficiario no empresarial (asociación/ayuntamiento/parroquia/club/...);0;me;
1124909;923348;LOCAL;BORRIANA/BURRIANA;Convenio Asociación Proart Santa Bárbara;PERSONAS JURÍDICAS QUE NO DESARROLLAN ACTIVIDAD ECONÓMICA;ACTIVIDADES ARTÍSTICAS, DEPORTIVAS Y DE ENTRETENIMIENTO | ADMINISTRACIÓN PÚBLICA Y DEFENSA;;;;;;;0;me;
1124862;923301;LOCAL;CALP;CONVOCATORIA DE SUBVENCIONES DESTINADAS A LA CONCESIÓN DE AYUDAS INDIVIDUALES PARA SUFRAGAR LOS GASTOS DE TRANSPORTE DE ESTUDIANTES QUE CURSEN SUS ESTUDIOS FUERA DEL MUNICIPIO DE CALP CURSO 2025-2026;PERSONAS FÍSICAS QUE NO DESARROLLAN ACTIVIDAD ECONÓMICA;EDUCACIÓN;Concurrencia competitiva - canónica;144000.0;False;11/09/2026;0;beneficiario no empresarial (asociación/ayuntamiento/parroquia/club/...);0;me;
1124859;923298;LOCAL;ALGINET;Resolución Nº1471 de 03/08/2026: Aprobación concesión sub. nominativa 2026 Club Pilota Valenciana Alginet;PERSONAS JURÍDICAS QUE NO DESARROLLAN ACTIVIDAD ECONÓMICA;OTROS SERVICIOS;Concesión directa - instrumental;3100.0;False;31/12/2026;0;beneficiario no empresarial (asociación/ayuntamiento/parroquia/club/...);0;me;
1124857;923296;LOCAL;ALGINET;Resolución Nº1469 de 03/08/2026: Aprobar la concesión de la subv nominativa 2026 Penya Taurina Alginet;PERSONAS JURÍDICAS QUE NO DESARROLLAN ACTIVIDAD ECONÓMICA;OTROS SERVICIOS;Concesión directa - instrumental;18500.0;False;31/12/2026;0;beneficiario no empresarial (asociación/ayuntamiento/parroquia/club/...);0;me;
1124849;923288;LOCAL;CARLET;Subvención para la confección de carrozas tradicionales de papelet o estilo Carlet 2026;PERSONAS JURÍDICAS QUE NO DESARROLLAN ACTIVIDAD ECONÓMICA;ACTIVIDADES ARTÍSTICAS, DEPORTIVAS Y DE ENTRETENIMIENTO;Concurrencia competitiva - canónica;3000.0;False;09/09/2026;0;beneficiario no empresarial (asociación/ayuntamiento/parroquia/club/...);0;me;
1124813;923252;AUTONOMICA;COMUNITAT VALENCIANA;Adenda al Convenio construcción instalaciones deportivas. Gastos financieros Ayuntamiento de Valencia;PERSONAS JURÍDICAS QUE NO DESARROLLAN ACTIVIDAD ECONÓMICA;Actividades deportivas;Concesión directa - instrumental;25000.0;False;31/12/2024;0;beneficiario no empresarial (asociación/ayuntamiento/parroquia/club/...);0;me;
1124811;923250;AUTONOMICA;COMUNITAT VALENCIANA;RESOLUCIÓN 2/4/26, de la Vicepresidencia 2 y Conselleria Presidencia, por la que se instrumenta la dotación de crédito en el ejercicio 2026 a la entidad Circuito del Motor y Promoción Deportiva, SA para la recuperación de las infraest. afectadas DANA;PYME Y PERSONAS FÍSICAS QUE DESARROLLAN ACTIVIDAD ECONÓMICA;Actividades deportivas;Concesión directa - instrumental;7000000.0;False;31/12/2026;2;beneficiario empresarial claro;2;me;
1124809;923248;AUTONOMICA;COMUNITAT VALENCIANA;RESOLUCIÓN de 1 de abril de 2026, Vicepresidencia 2 y Conselleria Presidencia, por la que se instrumenta la dotación de crédito a la entidad Circuito del Motor y Promoción Deportiva, SA para cubrir los gastos de explotación y formación durante 2026.;PYME Y PERSONAS FÍSICAS QUE DESARROLLAN ACTIVIDAD ECONÓMICA;Actividades deportivas;Concesión directa - instrumental;610000.0;False;31/12/2026;2;beneficiario empresarial claro;2;me;
1124807;923246;AUTONOMICA;COMUNITAT VALENCIANA;RESOLUCIÓN de 1 de abril de 2026, de la Vicepresidencia 2 y Conselleria Presidencia, por la que se instrumenta la dotación de crédito a la entidad Circuito del Motor y Promoción Deportiva, SA para cubrir los gastos de explotación y formación durante 2026;PYME Y PERSONAS FÍSICAS QUE DESARROLLAN ACTIVIDAD ECONÓMICA;Actividades deportivas;Concesión directa - instrumental;1739000.0;False;31/12/2026;2;beneficiario empresarial claro;2;me;
1124804;923243;LOCAL;VALENCIA;CONVENIO COLABORACIÓN CON CÁMARA VALENCIA PARA EL DESARROLLO Y EJECUCIÓN DE LA CAMPAÑA BONOS COMPRA GALDOS-GIORGETA Y BONOS COMERCIO VLC 2026;PERSONAS JURÍDICAS QUE NO DESARROLLAN ACTIVIDAD ECONÓMICA;Comercio al por menor;Concesión directa - instrumental;1590000.0;True;;0;beneficiario no empresarial (asociación/ayuntamiento/parroquia/club/...);0;me;
1124797;923236;LOCAL;ALTEA;AYUDAS  DESTINADAS A PINTADO Y MEJORA DE TRATAMIENTO DE LAS FACHADAS FRENTE A HUMEDADES, RETIRADA DE ELEMENTOS IMPROPIOS EN FACHADAS, ADECUACIÓN DE RÓTULOS DE PUBLICIDAD E INFORME DE EVALUACIÓN DEL EDIFICIO DE DETERMINADAS ZONAS DE ALTEA. EJERCICIO 2026;PERSONAS FÍSICAS QUE NO DESARROLLAN ACTIVIDAD ECONÓMICA;OTROS SERVICIOS | TRANSPORTE Y ALMACENAMIENTO;Concurrencia competitiva - canónica;12000.0;False;;0;beneficiario no empresarial (asociación/ayuntamiento/parroquia/club/...);1;me;
1124794;923233;LOCAL;UTIEL;Convenio de colaboración entre el M.I. Ayuntamiento de Utiel y la Peña Utielana El Cerril;PERSONAS JURÍDICAS QUE NO DESARROLLAN ACTIVIDAD ECONÓMICA;ACTIVIDADES ARTÍSTICAS, DEPORTIVAS Y DE ENTRETENIMIENTO;Concesión directa - instrumental;7000.0;True;;0;beneficiario no empresarial (asociación/ayuntamiento/parroquia/club/...);0;me;
1124780;923219;LOCAL;PATERNA;CONVOCATORIA DEL VIAJE CULTURAL PARA MAYORES MÁLAGA 2026;PERSONAS FÍSICAS QUE NO DESARROLLAN ACTIVIDAD ECONÓMICA;ACTIVIDADES SANITARIAS Y DE SERVICIOS SOCIALES | EDUCACIÓN;Concurrencia competitiva - canónica;396709.6;False;16/10/2026;0;beneficiario no empresarial (asociación/ayuntamiento/parroquia/club/...);0;me;
1124772;923211;LOCAL;"MANCOMUNIDAD ""LA SERRANÍA""";RESOLUCIÓN PRESIDENCIA APROBACIÓN CONVOCATORIA ANUAL AYUDAS CLUBS CONVIENCIA 2026;PERSONAS JURÍDICAS QUE NO DESARROLLAN ACTIVIDAD ECONÓMICA;ACTIVIDADES ARTÍSTICAS, DEPORTIVAS Y DE ENTRETENIMIENTO;Concesión directa - canónica;0.0;True;;0;beneficiario no empresarial (asociación/ayuntamiento/parroquia/club/...);0;me;
1124718;923157;LOCAL;DIPUTACIÓN PROV. DE VALENCIA;"CONVOCATORIA programa ""AGROTEC UV LAB 2026"" (FUNDACION PARQUE CIENTÍFICO UV)";PERSONAS JURÍDICAS QUE NO DESARROLLAN ACTIVIDAD ECONÓMICA;Actividades relacionadas con el empleo;Concesión directa - instrumental;10500.0;False;31/12/2026;0;beneficiario no empresarial (asociación/ayuntamiento/parroquia/club/...);0;me;
1124690;923129;LOCAL;SEGORBE;Concesión subvención nominativa a la Asociación Cultural Amigos de la Música.;PERSONAS JURÍDICAS QUE NO DESARROLLAN ACTIVIDAD ECONÓMICA;ACTIVIDADES ARTÍSTICAS, DEPORTIVAS Y DE ENTRETENIMIENTO;Concesión directa - instrumental;2000.0;False;20/11/2026;0;beneficiario no empresarial (asociación/ayuntamiento/parroquia/club/...);0;me;
1124607;923046;LOCAL;POBLA DE VALLBONA, LA;Convocatoria de las ayudas económicas destinadas a nuevos autónomos, ejercicio 2026;PYME Y PERSONAS FÍSICAS QUE DESARROLLAN ACTIVIDAD ECONÓMICA;Otras actividades de apoyo a las empresas n.c.o.p.;Concurrencia competitiva - canónica;15000.0;False;;2;beneficiario empresarial claro;2;me;
1124606;923045;LOCAL;CREVILLENT;BASES Y CONVOCATORIA PARA LA CONCESIÓN DE SUBVENCIONES A AMPAS/AFAS Y CENTROS EDUCATIVOS PARA LA PROMOCIÓN ACTIVIDADES DE CONCIENCIACIÓN MEDIO- AMBIENTAL, CULTURALES, DEPORTIVAS, ESCUELAS DE PADRES Y DE VERANO.;PERSONAS JURÍDICAS QUE NO DESARROLLAN ACTIVIDAD ECONÓMICA;EDUCACIÓN;Concurrencia competitiva - canónica;10000.0;False;;0;beneficiario no empresarial (asociación/ayuntamiento/parroquia/club/...);0;me;
1124536;922975;LOCAL;CREVILLENT;Subvención nominativa a la Escuela de Música Unión Musical de Crevillent, para el mantenimiento de la entidad;PERSONAS JURÍDICAS QUE NO DESARROLLAN ACTIVIDAD ECONÓMICA;ACTIVIDADES ARTÍSTICAS, DEPORTIVAS Y DE ENTRETENIMIENTO;Concesión directa - instrumental;19112.1;False;05/11/2026;0;beneficiario no empresarial (asociación/ayuntamiento/parroquia/club/...);0;me;
1124516;922955;LOCAL;BORRIANA/BURRIANA;Convenio Agrupació Filhamònica Borrianenca;PERSONAS JURÍDICAS QUE NO DESARROLLAN ACTIVIDAD ECONÓMICA;ACTIVIDADES ARTÍSTICAS, DEPORTIVAS Y DE ENTRETENIMIENTO | ADMINISTRACIÓN PÚBLICA Y DEFENSA;;;;;;;0;me;
1124498;922937;LOCAL;BORRIANA/BURRIANA;Convenio Federación de Comercio de Burriana;PERSONAS JURÍDICAS QUE NO DESARROLLAN ACTIVIDAD ECONÓMICA;OTROS SERVICIOS | TRANSPORTE Y ALMACENAMIENTO;Concesión directa - instrumental;22500.0;False;;0;beneficiario no empresarial (asociación/ayuntamiento/parroquia/club/...);1;me;
1124495;922934;LOCAL;DIPUTACIÓN PROV. DE CASTELLÓN;"Convenio Fundación Le Cadó. Proyecto ""Ayudar es vida""";PERSONAS JURÍDICAS QUE NO DESARROLLAN ACTIVIDAD ECONÓMICA;Actividades de servicios sociales sin alojamiento;Concesión directa - instrumental;10000.0;False;09/07/2026;0;beneficiario no empresarial (asociación/ayuntamiento/parroquia/club/...);0;me;
1124490;922929;LOCAL;DIPUTACIÓN PROV. DE VALENCIA;"CONVOCATORIA ""Acciones promoción económica territorio 2026"" (CEV)";PERSONAS JURÍDICAS QUE NO DESARROLLAN ACTIVIDAD ECONÓMICA;Actividades relacionadas con el empleo;Concesión directa - instrumental;20000.0;False;31/12/2026;0;beneficiario no empresarial (asociación/ayuntamiento/parroquia/club/...);0;me;
1124444;922883;LOCAL;CASTELLÓN DE LA PLANA/CASTELLÓ DE LA PLANA;"Convenio de colaboración entre el Ayuntamiento de Castellón de la Plana y la Associació Cultural Misteri de Castelló para la realización del proyecto ""Misteri de Castelló""";PERSONAS JURÍDICAS QUE NO DESARROLLAN ACTIVIDAD ECONÓMICA;ACTIVIDADES ARTÍSTICAS, DEPORTIVAS Y DE ENTRETENIMIENTO;Concesión directa - instrumental;11000.0;False;31/12/2026;0;beneficiario no empresarial (asociación/ayuntamiento/parroquia/club/...);0;me;
1124429;922868;LOCAL;DIPUTACIÓN PROV. DE ALICANTE;Subvención Universidad Politécnica de Valencia-Campus de Alcoy para proyecto de generación espontánea;PERSONAS JURÍDICAS QUE NO DESARROLLAN ACTIVIDAD ECONÓMICA;OTROS SERVICIOS;Concesión directa - instrumental;45000.0;False;;0;beneficiario no empresarial (asociación/ayuntamiento/parroquia/club/...);0;me;
1124412;922851;LOCAL;CASTELLÓN DE LA PLANA/CASTELLÓ DE LA PLANA;"Convenio de colaboración entre el Ayuntamiento de Castellón de la Plana y la Escola d'Art Superior i Disseny de Castelló pera la realización del proyecto ""Creactiva 2026""";PERSONAS JURÍDICAS QUE NO DESARROLLAN ACTIVIDAD ECONÓMICA;ACTIVIDADES ARTÍSTICAS, DEPORTIVAS Y DE ENTRETENIMIENTO;Concesión directa - instrumental;6000.0;False;31/12/2026;0;beneficiario no empresarial (asociación/ayuntamiento/parroquia/club/...);0;me;
1124410;922849;LOCAL;ONDA;SUBVENCIONES A DEPORTISTAS DE ELITE, PROMESAS Y MUJERES CATEGORIA SENIOR 2026;PERSONAS FÍSICAS QUE NO DESARROLLAN ACTIVIDAD ECONÓMICA;Actividades deportivas, recreativas y de entretenimiento;Concurrencia competitiva - canónica;30000.0;False;20/09/2026;0;beneficiario no empresarial (asociación/ayuntamiento/parroquia/club/...);0;me;
1124391;922830;LOCAL;DIPUTACIÓN PROV. DE VALENCIA;"CONVOCATORIA programa ""VALEMPREN 2026"" (AJEV)";PERSONAS JURÍDICAS QUE NO DESARROLLAN ACTIVIDAD ECONÓMICA;Actividades relacionadas con el empleo;Concesión directa - instrumental;18000.0;False;31/12/2026;0;beneficiario no empresarial (asociación/ayuntamiento/parroquia/club/...);0;me;
1124390;922829;LOCAL;TORRENT;UNIÓN MUSICAL TORRENT;PERSONAS JURÍDICAS QUE NO DESARROLLAN ACTIVIDAD ECONÓMICA;ACTIVIDADES SANITARIAS Y DE SERVICIOS SOCIALES;Concesión directa - instrumental;145000.0;False;31/12/2026;0;beneficiario no empresarial (asociación/ayuntamiento/parroquia/club/...);0;me;
1124376;922815;LOCAL;DIPUTACIÓN PROV. DE ALICANTE;Subvención a Subvención al Consejo Regulador Denominación de Origen Protegida Granada Mollar de Elche para acciones de publicidad y promoción.;PERSONAS JURÍDICAS QUE NO DESARROLLAN ACTIVIDAD ECONÓMICA;OTROS SERVICIOS;Concesión directa - instrumental;20000.0;False;;0;beneficiario no empresarial (asociación/ayuntamiento/parroquia/club/...);0;me;
1124374;922813;LOCAL;DIPUTACIÓN PROV. DE ALICANTE;Subvención a la Asociación Alcachofa de la Vega Baja del Segura para promoción y difusión del sector;PERSONAS JURÍDICAS QUE NO DESARROLLAN ACTIVIDAD ECONÓMICA;OTROS SERVICIOS;Concesión directa - instrumental;7500.0;False;;0;beneficiario no empresarial (asociación/ayuntamiento/parroquia/club/...);0;me;
1124340;922779;LOCAL;PETRER;CONVOCATORIA 2026 SUBVENCIONES DE TRANSPORTE PÚBLICO PARA ESTUDIANTES DE NIVELES DE FP SUPERIOR Y UNIVERSIDAD. CURSO 2025/2026;PERSONAS FÍSICAS QUE NO DESARROLLAN ACTIVIDAD ECONÓMICA;EDUCACIÓN;Concurrencia competitiva - canónica;50000.0;False;15/09/2026;0;beneficiario no empresarial (asociación/ayuntamiento/parroquia/club/...);0;me;
1124339;922778;LOCAL;VALENCIA;"Bases reguladoras de la convocatoria de premios ""VLC Startup Awards 2026""";PYME Y PERSONAS FÍSICAS QUE DESARROLLAN ACTIVIDAD ECONÓMICA;Otras actividades profesionales, científicas y técnicas n.c.o.p.;Concurrencia competitiva - canónica;60000.0;False;25/10/2026;0;premio/certamen/concurso, no es ayuda económica a la actividad empresarial;0;me;
1124331;922770;LOCAL;VALENCIA;"Bases de la convocatoria de premios del Hackathon ""City Resilience Hack"" para la selección de soluciones innovadoras aplicables a la ciudad de València (Tallinn - 24 y 25 de septiembre de 2026)";PYME Y PERSONAS FÍSICAS QUE DESARROLLAN ACTIVIDAD ECONÓMICA;Otras actividades profesionales, científicas y técnicas n.c.o.p.;Concurrencia competitiva - canónica;50000.0;False;25/09/2026;0;premio/certamen/concurso, no es ayuda económica a la actividad empresarial;0;me;
1124319;922758;LOCAL;SEGORBE;Concesión subvención nominativa IES Cueva Santa para la publicación de la revista escolar del centro.;PERSONAS JURÍDICAS QUE NO DESARROLLAN ACTIVIDAD ECONÓMICA;EDUCACIÓN;Concesión directa - instrumental;1200.0;False;29/07/2026;0;beneficiario no empresarial (asociación/ayuntamiento/parroquia/club/...);0;me;
1124308;922747;OTROS;UNIVERSIDAD MIGUEL HERNÁNDEZ DE ELCHE;CONVENIO ENTRE LA UNIVERSIDAD MIGUEL HERNÁNDEZ DE ELCHE Y EL HOSPITAL SAN FRANCISCO JAVIER DE NEMBA (RUANDA) PARA COFINANCIAR LA ADQUISICIÓN DE UN ANALIZADOR COBAS C311;PERSONAS JURÍDICAS QUE NO DESARROLLAN ACTIVIDAD ECONÓMICA;Educación;Concesión directa - instrumental;25000.0;False;;0;beneficiario no empresarial (asociación/ayuntamiento/parroquia/club/...);0;me;
1124278;922717;LOCAL;JACARILLA;CONCURSO DE CARROZAS FIESTAS PATRONALES 2026;PERSONAS FÍSICAS QUE NO DESARROLLAN ACTIVIDAD ECONÓMICA;ACTIVIDADES ARTÍSTICAS, DEPORTIVAS Y DE ENTRETENIMIENTO;Concesión directa - canónica;1500.0;False;03/08/2026;0;premio/certamen/concurso, no es ayuda económica a la actividad empresarial;0;me;
1124272;922711;LOCAL;ELCHE/ELX;Convenio de Colaboración del Ayuntamiento de Elche y el Consell de la Joventut d'Elx, en actividades relacionadas con el asociacionismo juvenil 2026.;PERSONAS JURÍDICAS QUE NO DESARROLLAN ACTIVIDAD ECONÓMICA;Actividades asociativas;Concesión directa - instrumental;3000.0;False;23/07/2026;0;beneficiario no empresarial (asociación/ayuntamiento/parroquia/club/...);0;me;
1124269;922708;LOCAL;DIPUTACIÓN PROV. DE ALICANTE;Subvención a el Grupo de Acción Local de Pesca (GALP) Bahía de Santa Pola para proyecto de promoción “GALP Bahía de Santa Pola”;PERSONAS JURÍDICAS QUE NO DESARROLLAN ACTIVIDAD ECONÓMICA;OTROS SERVICIOS;Concesión directa - instrumental;20000.0;False;;0;beneficiario no empresarial (asociación/ayuntamiento/parroquia/club/...);0;me;
1124261;922700;LOCAL;XÀTIVA;concesión de una subvención nominativa  a la Asociación Junta de Alets «Ntra. Sra. de la Seo» de Xàtiva, para la organización de los actos conmemorativos de la festividad de la Patrona de Xàtiva el 5 de agosto de 2026;PERSONAS JURÍDICAS QUE NO DESARROLLAN ACTIVIDAD ECONÓMICA;ACTIVIDADES ARTÍSTICAS, DEPORTIVAS Y DE ENTRETENIMIENTO;Concesión directa - instrumental;2000.0;False;;0;beneficiario no empresarial (asociación/ayuntamiento/parroquia/club/...);0;me;
1124260;922699;LOCAL;DIPUTACIÓN PROV. DE ALICANTE;Subvención al Grupo de Acción Local (GALP) La Marina para proyecto de promoción “GALP La Marina”;PERSONAS JURÍDICAS QUE NO DESARROLLAN ACTIVIDAD ECONÓMICA;OTROS SERVICIOS;Concesión directa - instrumental;20000.0;False;;0;beneficiario no empresarial (asociación/ayuntamiento/parroquia/club/...);0;me;
1124221;922660;LOCAL;ALICANTE/ALACANT;CONVENIO DE COLABORACIÓN ENTRE LA ALDES Y LA ASOCIACIÓN UN MAR DE CINE AÑO 2026;PERSONAS JURÍDICAS QUE NO DESARROLLAN ACTIVIDAD ECONÓMICA;ACTIVIDADES ARTÍSTICAS, DEPORTIVAS Y DE ENTRETENIMIENTO;Concesión directa - instrumental;45000.0;False;31/12/2026;0;beneficiario no empresarial (asociación/ayuntamiento/parroquia/club/...);0;me;
1124218;922657;LOCAL;DIPUTACIÓN PROV. DE CASTELLÓN;CONVENIO AC FESTES DEL CAMPANAR 235 ANIVERSARIO CAMPANAR ASSUMPCIÓ VALL D'UIXÓ 2026;PERSONAS JURÍDICAS QUE NO DESARROLLAN ACTIVIDAD ECONÓMICA;ACTIVIDADES SANITARIAS Y DE SERVICIOS SOCIALES;Concesión directa - instrumental;14998.0;False;31/12/2026;0;beneficiario no empresarial (asociación/ayuntamiento/parroquia/club/...);0;me;
1124213;922652;LOCAL;ALCOY/ALCOI;CONVENIO DEL AYUNTAMIENTO DE ALCCOY CON LA SOCIEDAD PROTECTORA DE ANIMALES Y PLANTAS DE ALCOY PARA LA GESTION DEL ALBERGUE MUNICIPAL CANINO Y FELINO 2026;PERSONAS JURÍDICAS QUE NO DESARROLLAN ACTIVIDAD ECONÓMICA;Caza, captura de animales y servicios relacionados;Concesión directa - instrumental;60000.0;False;31/10/2026;0;beneficiario no empresarial (asociación/ayuntamiento/parroquia/club/...);0;me;
1124205;922644;LOCAL;ALICANTE/ALACANT;CONVENIO DE COLABORACIÓN ENTRE LA ALDES Y LA UNIVERSIDAD DE ALICANTE AÑO 2026;PERSONAS JURÍDICAS QUE NO DESARROLLAN ACTIVIDAD ECONÓMICA;ACTIVIDADES ARTÍSTICAS, DEPORTIVAS Y DE ENTRETENIMIENTO;Concesión directa - instrumental;15000.0;False;15/12/2026;0;beneficiario no empresarial (asociación/ayuntamiento/parroquia/club/...);0;me;
1124175;922614;LOCAL;DIPUTACIÓN PROV. DE CASTELLÓN;CONVENIO PARROQUIA TRAIGUERA  RESTAURACIÓN CALVARIO 2026;PERSONAS JURÍDICAS QUE NO DESARROLLAN ACTIVIDAD ECONÓMICA;Acabado de edificios;Concesión directa - instrumental;40000.0;False;31/12/2026;0;beneficiario no empresarial (asociación/ayuntamiento/parroquia/club/...);0;me;
1124160;922599;LOCAL;DIPUTACIÓN PROV. DE VALENCIA;"CONVOCATORIA ""FUTUR 2026 - EUROTALENT "" (UPV-SIE)";PERSONAS JURÍDICAS QUE NO DESARROLLAN ACTIVIDAD ECONÓMICA;Actividades relacionadas con el empleo;Concesión directa - instrumental;60000.0;False;31/12/2026;0;beneficiario no empresarial (asociación/ayuntamiento/parroquia/club/...);0;me;
1124117;922556;OTROS;UNIVERSIDAD MIGUEL HERNÁNDEZ DE ELCHE;BECAS ESPECIALES A ESTUDIANTADO CON DISCAPACIDAD Y ESTUDIANTES COLABORADORES/AS PARA LA INCLUSIÓN DE ESTUDIANTADO CON DISCAPACIDAD, MATRICULADOS EN LA UNIVERSIDAD MIGUEL HERNÁNDEZ DE ELCHE EN EL CURSO ACADÉMICO 2026/2027;PERSONAS FÍSICAS QUE NO DESARROLLAN ACTIVIDAD ECONÓMICA;Educación;Concurrencia competitiva - canónica;25000.0;False;;0;beneficiario no empresarial (asociación/ayuntamiento/parroquia/club/...);0;me;
1124116;922555;LOCAL;ALMASSORA;SUBVENCIÓN NOMINATIVA 2026 CLUB CANOE ALMAZORA;PERSONAS JURÍDICAS QUE NO DESARROLLAN ACTIVIDAD ECONÓMICA;Actividades deportivas;Concesión directa - instrumental;2012.0;False;30/07/2026;0;beneficiario no empresarial (asociación/ayuntamiento/parroquia/club/...);0;me;
1124103;922542;LOCAL;DIPUTACIÓN PROV. DE CASTELLÓN;CONVENIO CON ASEBEC PARA EL ESTUDIO DE LA POSICIÓN TECNOLÓGICA DE LAS EMPRESAS;PYME Y PERSONAS FÍSICAS QUE DESARROLLAN ACTIVIDAD ECONÓMICA;Investigación y desarrollo;Concesión directa - instrumental;25000.0;False;29/06/2026;2;beneficiario empresarial claro;2;me;
1124078;922517;LOCAL;CASTELLÓN DE LA PLANA/CASTELLÓ DE LA PLANA;"Convenio de colaboración entre el Ayuntamiento de Castellón de la Plana y la Asociación Casino Antiguo para la realización del proyecto ""Proyecto Cultural del Real Casino Antiguo Castellón: Dinamismo y Cultura""";PERSONAS JURÍDICAS QUE NO DESARROLLAN ACTIVIDAD ECONÓMICA;ACTIVIDADES ARTÍSTICAS, DEPORTIVAS Y DE ENTRETENIMIENTO;Concesión directa - instrumental;10000.0;False;31/12/2026;0;beneficiario no empresarial (asociación/ayuntamiento/parroquia/club/...);0;me;
1124067;922506;LOCAL;ELCHE/ELX;Convenio de Colaboración del Ayuntamiento de Elche con la Asociación de Amigos del Arroz con Costra, para promover, visibilizar y poner en valor el plato típico ilicitano y las fiestas patronales. 2026;PERSONAS JURÍDICAS QUE NO DESARROLLAN ACTIVIDAD ECONÓMICA;Otras actividades asociativas;Concesión directa - instrumental;2500.0;False;27/07/2026;0;beneficiario no empresarial (asociación/ayuntamiento/parroquia/club/...);0;me;
1124011;922450;LOCAL;ALBATERA;BASES QUE DEBEN REGIR PARA LA CONCESIÓN DE AYUDAS DEL EXCMO.;;;;;;;;;0;me;
AYUNTAMIENTO DE ALBATERA DESTINADAS A LAS AMPAS DENTRO DEL;;;;;;;;;;;;;0;me;
PROGRAMA DE GRATUIDAD “BONOMATERIAL”; DIRIGIDO AL ALUMNADO QUE;;;;;;;;;;;;0;me;
CURSE ENSEÑANZA INFANTIL EN CENTROS PÚBLICOS. CURSO ACADÉMICO;;;;;;;;;;;;;0;me;
"2026/2027""";PERSONAS FÍSICAS QUE NO DESARROLLAN ACTIVIDAD ECONÓMICA;EDUCACIÓN;Concesión directa - canónica;25000.0;False;;0;beneficiario no empresarial (asociación/ayuntamiento/parroquia/club/...);;;;;0;me;
1124010;922449;LOCAL;ALBATERA;BASES QUE DEBEN REGIR PARA LA CONCESIÓN DE AYUDAS DEL EXCMO.AYUNTAMIENTO DE ALBATERA DESTINADAS AL PROGRAMA DE MATERIAL;;;;;;;;;0;me;
ESCOLAR “BONOMATERIAL” DIRIGIDO AL ALUMNADO QUE CURSE ENSEÑANZA INFANTIL EN CENTROS ESCOLARES FUERA DE LA LOCALIDAD;;;;;;;;;;;;;0;me;
"DE ALBATERA""";PERSONAS FÍSICAS QUE NO DESARROLLAN ACTIVIDAD ECONÓMICA;EDUCACIÓN;Concesión directa - canónica;1500.0;False;;0;beneficiario no empresarial (asociación/ayuntamiento/parroquia/club/...);;;;;0;me;
1123958;922397;LOCAL;TORRENT;CÍRCULO CATÓLICO DE TORRENT;PERSONAS JURÍDICAS QUE NO DESARROLLAN ACTIVIDAD ECONÓMICA;ACTIVIDADES SANITARIAS Y DE SERVICIOS SOCIALES;Concesión directa - instrumental;145000.0;False;31/12/2026;0;beneficiario no empresarial (asociación/ayuntamiento/parroquia/club/...);0;me;
1123956;922395;LOCAL;ALCALÀ DE XIVERT;CONVENIO DE COLABORACIÓN ENTRE EL AYUNTAMIENTO DE ALCALA DE XIVERT Y LA ASOCIACIÓN CULTURAL CREA ESCENA PARA ESTABLECER LAS CONDICIONES Y COMPROMISOS APLICABLES A LA SUBVENCIÓN PREVISTA CON CARÁCTER NOMINATIVO EN EL PRESUPUESTO MUNICIPAL.;PERSONAS JURÍDICAS QUE NO DESARROLLAN ACTIVIDAD ECONÓMICA;ACTIVIDADES ARTÍSTICAS, DEPORTIVAS Y DE ENTRETENIMIENTO;Concesión directa - instrumental;10000.0;False;;0;beneficiario no empresarial (asociación/ayuntamiento/parroquia/club/...);0;me;
1123914;922353;LOCAL;DIPUTACIÓN PROV. DE CASTELLÓN;"CONVENIO ALCUDIA DE VEO "" REPARACIÓN Y MANTENIMIENTO DE PARARRAYOS EN ALCUDIA DE VEO, VEO Y BENITANDÚS""";PERSONAS JURÍDICAS QUE NO DESARROLLAN ACTIVIDAD ECONÓMICA;Construcción de otros proyectos de ingeniería civil;Concesión directa - instrumental;35445.27;False;15/09/2026;0;beneficiario no empresarial (asociación/ayuntamiento/parroquia/club/...);0;me;
1123906;922345;LOCAL;PATERNA;CONVENIO ENTRE AYUNTAMIENTO DE PATERNA Y FUNDACIÓ PARC CIENTÍFIC UNIVERSITAT DE VALENCIA PARA EL DESARROLLO DEL PROGRAMA DE RENOVACIÓN, MEJORA Y MODERNIZACIÓN DEL EQUIPAMIENTO E INFRAESTRUCTURAS DEL PARC CIENTÍFIC UNIVERSITAT DE VALENCIA EJERCICIO 2026;PERSONAS JURÍDICAS QUE NO DESARROLLAN ACTIVIDAD ECONÓMICA;OTROS SERVICIOS;Concesión directa - instrumental;10000.0;True;;0;beneficiario no empresarial (asociación/ayuntamiento/parroquia/club/...);0;me;
1123890;922329;LOCAL;BENISSA;Subvención nominativa BENISSA EN CORTO;PERSONAS JURÍDICAS QUE NO DESARROLLAN ACTIVIDAD ECONÓMICA;Actividades asociativas;Concesión directa - instrumental;20000.0;False;28/10/2026;0;beneficiario no empresarial (asociación/ayuntamiento/parroquia/club/...);0;me;
1123889;922328;LOCAL;BENISSA;Subvención nominativa TAPIS;PERSONAS JURÍDICAS QUE NO DESARROLLAN ACTIVIDAD ECONÓMICA;Actividades asociativas;Concesión directa - instrumental;900.0;False;31/10/2026;0;beneficiario no empresarial (asociación/ayuntamiento/parroquia/club/...);0;me;
1123865;922304;LOCAL;CASTELLÓN DE LA PLANA/CASTELLÓ DE LA PLANA;Convenio de colaboración con la Asociación Escuela de Artes y Oficios de Castellón para la financiación de la realización del proyecto “Actividades curso 2026-2027”;PERSONAS JURÍDICAS QUE NO DESARROLLAN ACTIVIDAD ECONÓMICA;ACTIVIDADES ARTÍSTICAS, DEPORTIVAS Y DE ENTRETENIMIENTO;Concesión directa - instrumental;10000.0;False;31/12/2026;0;beneficiario no empresarial (asociación/ayuntamiento/parroquia/club/...);0;me;
1123843;922282;LOCAL;UTIEL;Convenio de colaboración entre el M.I. Ayuntamiento de Utiel y la Asociación Músico-Cultural Ciudad de Utiel;PERSONAS JURÍDICAS QUE NO DESARROLLAN ACTIVIDAD ECONÓMICA;ACTIVIDADES ARTÍSTICAS, DEPORTIVAS Y DE ENTRETENIMIENTO;Concesión directa - instrumental;7000.0;True;;0;beneficiario no empresarial (asociación/ayuntamiento/parroquia/club/...);0;me;
1123840;922279;LOCAL;RIBA-ROJA DE TÚRIA;Convenio de colaboración entre el Ayuntamiento de Riba-roja de Túria y la Asociación UDP de Jubilados y Pensionistas de Riba-roja de Túria para el ejercicio 2026;PERSONAS JURÍDICAS QUE NO DESARROLLAN ACTIVIDAD ECONÓMICA;Actividades asociativas;Concesión directa - instrumental;17000.0;False;31/12/2026;0;beneficiario no empresarial (asociación/ayuntamiento/parroquia/club/...);0;me;
1123825;922264;LOCAL;BENAGUASIL;CONCESIÓN DE PREMIOS A LA EXCELENCIA DEL ALUMNADO DE EDUCACIÓN PRIMARIA Y SECUNDARIA OBLIGATORIA, BACHILLERATO, CICLOS FORMATIVOS Y MUSICALES PROFESIONALES;PERSONAS FÍSICAS QUE NO DESARROLLAN ACTIVIDAD ECONÓMICA;ACTIVIDADES ARTÍSTICAS, DEPORTIVAS Y DE ENTRETENIMIENTO;Concesión directa - canónica;1450.0;False;30/06/2026;0;premio/certamen/concurso, no es ayuda económica a la actividad empresarial;0;me;
1123824;922263;LOCAL;BENAGUASIL;Convocatoria de subvenciones destinadas al bono comercial 2026.;PERSONAS FÍSICAS QUE NO DESARROLLAN ACTIVIDAD ECONÓMICA | PYME Y PERSONAS FÍSICAS QUE DESARROLLAN ACTIVIDAD ECONÓMICA;ACTIVIDADES ARTÍSTICAS, DEPORTIVAS Y DE ENTRETENIMIENTO;Concurrencia competitiva - canónica;50000.0;False;25/10/2026;0;beneficiario no empresarial (asociación/ayuntamiento/parroquia/club/...);2;me;
1123808;922247;LOCAL;SEGORBE;XXI CONCURSO DE FOTOGRAFÍA TAURINA FIESTAS DE SEGORBE 2026;PERSONAS FÍSICAS QUE NO DESARROLLAN ACTIVIDAD ECONÓMICA;OTROS SERVICIOS;Concurrencia competitiva - canónica;1450.0;False;31/10/2026;0;premio/certamen/concurso, no es ayuda económica a la actividad empresarial;0;me;
1123800;922239;LOCAL;SEGORBE;BASES DE LA CONVOCATORIA DE CONCESIÓN DE SUBVENCIONES A DEPORTISTAS DE ÉLITE, ANUALIDAD 2026;PERSONAS FÍSICAS QUE NO DESARROLLAN ACTIVIDAD ECONÓMICA;Actividades deportivas, recreativas y de entretenimiento;Concurrencia competitiva - canónica;3000.0;False;14/08/2026;0;beneficiario no empresarial (asociación/ayuntamiento/parroquia/club/...);0;me;
1123786;922225;LOCAL;ONDA;APORTACION UNED;PERSONAS JURÍDICAS QUE NO DESARROLLAN ACTIVIDAD ECONÓMICA;EDUCACIÓN;Concesión directa - instrumental;6056.0;False;;0;beneficiario no empresarial (asociación/ayuntamiento/parroquia/club/...);0;me;
1123783;922222;LOCAL;DIPUTACIÓN PROV. DE VALENCIA;"CM-18/2026 Concesión de subvención directa para ""Adecuación de la antigua N-340 a su paso por Alberic"", al Ayto. de Alberic";;;;;;;;;0;me;
;PERSONAS JURÍDICAS QUE NO DESARROLLAN ACTIVIDAD ECONÓMICA;CONSTRUCCIÓN;Concesión directa - instrumental;661786.51;False;;0;beneficiario no empresarial (asociación/ayuntamiento/parroquia/club/...);;;;;0;me;
;PERSONAS JURÍDICAS QUE NO DESARROLLAN ACTIVIDAD ECONÓMICA;CONSTRUCCIÓN;Concesión directa - instrumental;660004.26;False;;0;beneficiario no empresarial (asociación/ayuntamiento/parroquia/club/...);;;;;0;me;
1123780;922219;LOCAL;DIPUTACIÓN PROV. DE VALENCIA;"CM-09/2026 Concesión de subvención directa para ""Acondicionamiento del CAMINO DEL PANSERO al Ayuntamiento de Cortes de Pallás";PERSONAS JURÍDICAS QUE NO DESARROLLAN ACTIVIDAD ECONÓMICA;CONSTRUCCIÓN;Concesión directa - instrumental;700000.0;False;;0;beneficiario no empresarial (asociación/ayuntamiento/parroquia/club/...);0;me;
1123770;922209;LOCAL;DIPUTACIÓN PROV. DE VALENCIA;"CM-16/2026 Concesión de subvención directa para ""PAVIMENTACIÓN Y GLORIETA CARRETERA ACCESO PLAYA XERACO"" al Ayto. de Xeraco";PERSONAS JURÍDICAS QUE NO DESARROLLAN ACTIVIDAD ECONÓMICA;CONSTRUCCIÓN;Concesión directa - instrumental;610051.06;False;;0;beneficiario no empresarial (asociación/ayuntamiento/parroquia/club/...);0;me;
1123766;922205;LOCAL;DIPUTACIÓN PROV. DE VALENCIA;CM-07/2026 Subvención directa Mejora y repavimentación carretera Albaida-El Palomar, rehabilitación vía de servicio de la A-7 entre Aielo de Malferit y Ontinyent y reparaciones en Camí el Forcall, al Ayuntamiento de Albaida;;;;;;;;;0;me;
;PERSONAS JURÍDICAS QUE NO DESARROLLAN ACTIVIDAD ECONÓMICA;CONSTRUCCIÓN;Concesión directa - instrumental;649868.49;False;;0;beneficiario no empresarial (asociación/ayuntamiento/parroquia/club/...);;;;;0;me;
;PERSONAS JURÍDICAS QUE NO DESARROLLAN ACTIVIDAD ECONÓMICA;CONSTRUCCIÓN;Concesión directa - instrumental;133642.89;False;;0;beneficiario no empresarial (asociación/ayuntamiento/parroquia/club/...);;;;;0;me;
1123668;922107;LOCAL;CREVILLENT;Ayudas a deportistas individuales locales de las categorías del deporte base o promesas de Crevillent por la participación en competiciones federadas/oficiales autonómicas, nacionales e internacionales durante la temporada 2025/2026 (BASE Nº5).;PERSONAS FÍSICAS QUE NO DESARROLLAN ACTIVIDAD ECONÓMICA;ACTIVIDADES ARTÍSTICAS, DEPORTIVAS Y DE ENTRETENIMIENTO;Concurrencia competitiva - canónica;5000.0;False;;0;beneficiario no empresarial (asociación/ayuntamiento/parroquia/club/...);0;me;
1123666;922105;LOCAL;CREVILLENT;Ayudas destinadas a personas empadronadas en Crevillent para sufragar los gastos relacionados por la asistencia a cursos de formación deportiva comprendidos desde el 1 julio de 2025 hasta el 30 de junio de 2026 (BASE Nº4).;PERSONAS FÍSICAS QUE NO DESARROLLAN ACTIVIDAD ECONÓMICA;ACTIVIDADES ARTÍSTICAS, DEPORTIVAS Y DE ENTRETENIMIENTO;Concurrencia competitiva - canónica;4000.0;False;;0;beneficiario no empresarial (asociación/ayuntamiento/parroquia/club/...);0;me;
1123664;922103;LOCAL;CREVILLENT;Ayudas a deportistas individuales locales séniors/absolutos/másters/veteranos de Crevillent por la participación en competiciones federadas/oficiales autonómicas, nacionales e internacionales durante la temporada 2025/2026 (BASE Nº3).;PERSONAS FÍSICAS QUE NO DESARROLLAN ACTIVIDAD ECONÓMICA;ACTIVIDADES ARTÍSTICAS, DEPORTIVAS Y DE ENTRETENIMIENTO;Concurrencia competitiva - canónica;4500.0;False;;0;beneficiario no empresarial (asociación/ayuntamiento/parroquia/club/...);0;me;
1123662;922101;LOCAL;CREVILLENT;Ayudas por la participación en competiciones deportivas federadas y competiciones/actividades no federadas durante la temporada 2025/2026 (BASE Nº2).;PERSONAS JURÍDICAS QUE NO DESARROLLAN ACTIVIDAD ECONÓMICA;ACTIVIDADES ARTÍSTICAS, DEPORTIVAS Y DE ENTRETENIMIENTO;Concurrencia competitiva - canónica;108000.0;False;;0;beneficiario no empresarial (asociación/ayuntamiento/parroquia/club/...);0;me;
1123661;922100;LOCAL;VALENCIA;CONVENIO DE COLABORACIÓN CON LA UNIVERSITAT POLITÈCNICA DE VALÈNCIA PARA LA CREACIÓN DE LA CÁTEDRA VALENT-IA: INTELIGENCIA ARTIFICIAL APLICADA AL EMPRENDIMIENTO;PERSONAS JURÍDICAS QUE NO DESARROLLAN ACTIVIDAD ECONÓMICA;EDUCACIÓN;Concesión directa - instrumental;80000.0;False;06/05/2026;0;beneficiario no empresarial (asociación/ayuntamiento/parroquia/club/...);0;me;
1123658;922097;LOCAL;CREVILLENT;Ayudas por la organización de actividades competitivas y no competitivas durante la temporada 2025/2026, redactadas desde el Área de Deportes, para la concesión de subvenciones a Entidades Deportivas o Clubs Deportivos de Crevillent (BASE Nº1).;PERSONAS JURÍDICAS QUE NO DESARROLLAN ACTIVIDAD ECONÓMICA;ACTIVIDADES ARTÍSTICAS, DEPORTIVAS Y DE ENTRETENIMIENTO;Concurrencia competitiva - canónica;28000.0;False;;0;beneficiario no empresarial (asociación/ayuntamiento/parroquia/club/...);0;me;
1123607;922046;LOCAL;BENICARLÓ;Convenio regulador de la subvención directa a la Entidad de Gestión y Modernización del Área Industrial Abastos-Collet;PERSONAS JURÍDICAS QUE NO DESARROLLAN ACTIVIDAD ECONÓMICA;OTROS SERVICIOS;Concesión directa - instrumental;15000.0;False;15/05/2026;0;beneficiario no empresarial (asociación/ayuntamiento/parroquia/club/...);0;me;
1123594;922033;LOCAL;PATERNA;CONCESIÓN SUBVENCIÓN NOMINATIVA CLUB DE BILLAR PATERNA, EJERCICIO 2026;PERSONAS JURÍDICAS QUE NO DESARROLLAN ACTIVIDAD ECONÓMICA;ACTIVIDADES ARTÍSTICAS, DEPORTIVAS Y DE ENTRETENIMIENTO;Concesión directa - instrumental;27500.0;False;31/12/2026;0;beneficiario no empresarial (asociación/ayuntamiento/parroquia/club/...);0;me;
1123581;922020;LOCAL;DIPUTACIÓN PROV. DE CASTELLÓN;Subvenciones a los Ayuntamientos de la provincia de Castellón de menos de 20000 h.  ACTUACIONES DE DERRIBO EN EDIFICIOS DE TITULARIDAD MUNICIPAL 2026;PERSONAS JURÍDICAS QUE NO DESARROLLAN ACTIVIDAD ECONÓMICA;Construcción de otros proyectos de ingeniería civil;Concurrencia competitiva - canónica;300000.0;False;;0;beneficiario no empresarial (asociación/ayuntamiento/parroquia/club/...);0;me;
1123538;921977;LOCAL;ALFARB;Resolución 428, de 27 de julio, por la que se aprueba la segunda convocatoria de ayudas financiadas por la Fundación Amancio Ortega Gaona para personas residentes en el municipio de Alfarb afectadas por la DANA de 29 de octubre de 2024;PERSONAS FÍSICAS QUE NO DESARROLLAN ACTIVIDAD ECONÓMICA;AGRICULTURA, GANADERÍA, SILVICULTURA Y PESCA;Concesión directa - canónica;73545.0;False;;0;beneficiario no empresarial (asociación/ayuntamiento/parroquia/club/...);0;me;
1123519;921958;LOCAL;VALENCIA;Convenio de colaboración cultural y con el desarrollo del conocimiento con la Universidad Internacional Menéndez Pelayo en 2026.;PERSONAS JURÍDICAS QUE NO DESARROLLAN ACTIVIDAD ECONÓMICA;Actividades de bibliotecas, archivos, museos y otras actividades culturales;Concesión directa - instrumental;6000.0;True;;0;beneficiario no empresarial (asociación/ayuntamiento/parroquia/club/...);0;me;
1123475;921914;LOCAL;JIJONA/XIXONA;Resol. 2026/1014 de 9 de julio, por la que se aprueba el convenio de colaboración entre el Ayuntamiento de Xixona y la Asociación Cultural de la Tercera Edad de Jijona, año 2026. Exp. 2026/951;PERSONAS JURÍDICAS QUE NO DESARROLLAN ACTIVIDAD ECONÓMICA;ACTIVIDADES SANITARIAS Y DE SERVICIOS SOCIALES;Concesión directa - instrumental;2000.0;False;31/12/2026;0;beneficiario no empresarial (asociación/ayuntamiento/parroquia/club/...);0;me;
1123467;921906;LOCAL;MASSANASSA;Subvención nominativa al CDB Massanassa para el programa deportivo de la temporada 2025/2026;PERSONAS JURÍDICAS QUE NO DESARROLLAN ACTIVIDAD ECONÓMICA;Actividades deportivas, recreativas y de entretenimiento | Administración pública y defensa;;;;;;;0;me;
1123462;921901;LOCAL;BORRIANA/BURRIANA;Subvenciones para promover la celebración de actividades deportivas 2026;PERSONAS JURÍDICAS QUE NO DESARROLLAN ACTIVIDAD ECONÓMICA;ACTIVIDADES ARTÍSTICAS, DEPORTIVAS Y DE ENTRETENIMIENTO | ADMINISTRACIÓN PÚBLICA Y DEFENSA;;;;;;;0;me;
1123433;921872;LOCAL;ALFAFAR;CONVOCATORIO DE LA CAMPAÑA DE PROMOCIÓN DE BONOS COMERCIO EN EL MUNICIPIO DE ALFAFAR - EJERCICIO 2026.;PERSONAS FÍSICAS QUE NO DESARROLLAN ACTIVIDAD ECONÓMICA;Comercio al por menor;Concurrencia competitiva - canónica;95000.0;False;14/09/2026;0;beneficiario no empresarial (asociación/ayuntamiento/parroquia/club/...);1;me;
1123373;921812;LOCAL;SEGORBE;Concesión subvención nominativa al IES Alto Palancia.;PERSONAS JURÍDICAS QUE NO DESARROLLAN ACTIVIDAD ECONÓMICA;EDUCACIÓN;Concesión directa - instrumental;1200.0;False;20/11/2026;0;beneficiario no empresarial (asociación/ayuntamiento/parroquia/club/...);0;me;
1123363;921802;LOCAL;XIRIVELLA;Convocatoria de las bases del XXVII Concurso Escolar de Narrativa y Poesía Infantil-Juvenil Les Penyetes;PERSONAS FÍSICAS QUE NO DESARROLLAN ACTIVIDAD ECONÓMICA;ACTIVIDADES ARTÍSTICAS, DEPORTIVAS Y DE ENTRETENIMIENTO | EDUCACIÓN;Concurrencia competitiva - canónica;3000.0;False;15/12/2026;0;premio/certamen/concurso, no es ayuda económica a la actividad empresarial;0;me;
1123340;921779;LOCAL;CHIVA;BASES Y CONVOCATORIA DE LOS PREMIOS DE DISFRACES DE LAS FIESTAS PATRONALES DE CHIVA 2026;PERSONAS FÍSICAS QUE NO DESARROLLAN ACTIVIDAD ECONÓMICA;Actividades de creación artística y artes escénicas;Concurrencia competitiva - canónica;11000.0;False;07/08/2026;0;premio/certamen/concurso, no es ayuda económica a la actividad empresarial;0;me;
1123321;921760;LOCAL;POLINYÀ DE XÚQUER;EXTRAORDINARIA POR RAZONES HUMANITARIAS ART. 22.2C) AYUDA A VENEZUELA;PERSONAS JURÍDICAS QUE NO DESARROLLAN ACTIVIDAD ECONÓMICA;OTROS SERVICIOS;Concesión directa - instrumental;3000.0;True;;0;beneficiario no empresarial (asociación/ayuntamiento/parroquia/club/...);0;me;
1123317;921756;LOCAL;POLINYÀ DE XÚQUER;QUOTA ORDINÀROA 2026 APORTACIÓ FONS VALENCIÀ PER LA SOLIDARITAT;PERSONAS JURÍDICAS QUE NO DESARROLLAN ACTIVIDAD ECONÓMICA;OTROS SERVICIOS;Concesión directa - instrumental;2577.0;False;31/03/2026;0;beneficiario no empresarial (asociación/ayuntamiento/parroquia/club/...);0;me;
1123308;921747;LOCAL;TORRENT;SUBVENCIÓN NOMINATIVA CÍRCULO CATÓLICO 2026;PERSONAS JURÍDICAS QUE NO DESARROLLAN ACTIVIDAD ECONÓMICA;ACTIVIDADES ARTÍSTICAS, DEPORTIVAS Y DE ENTRETENIMIENTO;Concesión directa - instrumental;37500.0;False;31/12/2026;0;beneficiario no empresarial (asociación/ayuntamiento/parroquia/club/...);0;me;
1123303;921742;LOCAL;QUART DE POBLET;Convocatoria a favor de la Asociación de Bolilleras de Quart de Poblet para los cursos y actividades del año 2026;PERSONAS JURÍDICAS QUE NO DESARROLLAN ACTIVIDAD ECONÓMICA;OTROS SERVICIOS;Concesión directa - instrumental;1050.0;False;30/05/2026;0;beneficiario no empresarial (asociación/ayuntamiento/parroquia/club/...);0;me;
1123300;921739;LOCAL;QUART DE POBLET;Convocatoria a favor del Orfeó Veus Juntes de Quart de Poblet para las actividades del curso, cursos e intercambios del año 2026;PERSONAS JURÍDICAS QUE NO DESARROLLAN ACTIVIDAD ECONÓMICA;OTROS SERVICIOS;Concesión directa - instrumental;4800.0;False;30/05/2026;0;beneficiario no empresarial (asociación/ayuntamiento/parroquia/club/...);0;me;
1123298;921737;LOCAL;QUART DE POBLET;Convocatoria a favor del Coro Rociero Virgen de la Luz para las actividades del año 2026;PERSONAS JURÍDICAS QUE NO DESARROLLAN ACTIVIDAD ECONÓMICA;OTROS SERVICIOS;Concesión directa - instrumental;1100.0;False;30/05/2026;0;beneficiario no empresarial (asociación/ayuntamiento/parroquia/club/...);0;me;
1123291;921730;LOCAL;QUART DE POBLET;Convocatoria a favor de la Asociación Cultural y Recreativa Centro de Convivencia para las actividades y mantenimiento del local durante el año 2026;PERSONAS JURÍDICAS QUE NO DESARROLLAN ACTIVIDAD ECONÓMICA;OTROS SERVICIOS;Concesión directa - instrumental;1530.0;False;30/05/2026;0;beneficiario no empresarial (asociación/ayuntamiento/parroquia/club/...);0;me;
1123289;921728;LOCAL;QUART DE POBLET;Convocatoria a favor de la Asociación Amigos de las Artes Plásticas para las actividades del año 2026;PERSONAS JURÍDICAS QUE NO DESARROLLAN ACTIVIDAD ECONÓMICA;OTROS SERVICIOS;Concesión directa - instrumental;4000.0;False;30/05/2026;0;beneficiario no empresarial (asociación/ayuntamiento/parroquia/club/...);0;me;
1123286;921725;LOCAL;VALL D'UIXÓ, LA;Subvención nominativa a Fundació Escola Valenciana;PERSONAS JURÍDICAS QUE NO DESARROLLAN ACTIVIDAD ECONÓMICA;Educación;Concesión directa - instrumental;6500.0;False;31/12/2026;0;beneficiario no empresarial (asociación/ayuntamiento/parroquia/club/...);0;me;
1123275;921714;LOCAL;DIPUTACIÓN PROV. DE CASTELLÓN;SUBVENCIONES A MUNICIPIOS Y ENTIDADES LOCALES MENORES  PARA CATÁSTROFES NATURALES 2026   (INCENDIO PRODUCIDO EL 5/07/2026 EN LA PROVINCIA DE CASTELLÓN);PERSONAS JURÍDICAS QUE NO DESARROLLAN ACTIVIDAD ECONÓMICA;Reparación, mantenimiento e instalación de maquinaria y equipos;Concurrencia competitiva - canónica;30000.0;False;;0;beneficiario no empresarial (asociación/ayuntamiento/parroquia/club/...);0;me;
1123272;921711;LOCAL;MONCADA;Convocatoria para la concesión de subvención nominativa directa ejercicio 2026 a la Asociación Animalista de Moncada (ASAMON) con CIF: G67926824;PERSONAS JURÍDICAS QUE NO DESARROLLAN ACTIVIDAD ECONÓMICA;ACTIVIDADES SANITARIAS Y DE SERVICIOS SOCIALES;Concesión directa - instrumental;15000.0;False;20/07/2026;0;beneficiario no empresarial (asociación/ayuntamiento/parroquia/club/...);0;me;
1123269;921708;LOCAL;VALENCIA;CONVOCATORIA DE SUBVENCIONES PROYECTOS DE PROMOCIÓN DE LA CONVIVENCIA INTERCULTURAL Y LA PREVENCIÓN DEL RACISMO Y LA XENOFOBIA EN EL MUNICIPIO DE VALENCIA 2026;;;;;;;;;0;me;
;PERSONAS JURÍDICAS QUE NO DESARROLLAN ACTIVIDAD ECONÓMICA;Otras actividades de servicios sociales sin alojamiento;Concurrencia competitiva - canónica;235000.0;False;;0;beneficiario no empresarial (asociación/ayuntamiento/parroquia/club/...);;;;;0;me;
1123191;921630;LOCAL;BENICARLÓ;Convocatoria XXXIII Concurso de Poesía Flor Natrural;PERSONAS FÍSICAS QUE NO DESARROLLAN ACTIVIDAD ECONÓMICA;ACTIVIDADES ARTÍSTICAS, DEPORTIVAS Y DE ENTRETENIMIENTO;Concurrencia competitiva - canónica;200.0;False;04/08/2026;0;premio/certamen/concurso, no es ayuda económica a la actividad empresarial;0;me;
1123174;921613;LOCAL;ALMASSORA;SUBVENCIONES A DEPORTISTAS INDIVIDUALES 2026 MEDIANTE PROCEDIMIENTO DE CONCURRENCIA COMPETITIVA;PERSONAS FÍSICAS QUE NO DESARROLLAN ACTIVIDAD ECONÓMICA;Actividades deportivas;Concurrencia competitiva - canónica;11000.0;False;;0;beneficiario no empresarial (asociación/ayuntamiento/parroquia/club/...);0;me;
1123168;921607;LOCAL;CREVILLENT;Convocatoria de ayudas para los estudiantes universitarios con becas de estudio en programas de intercambio internacionales, curso 2025-2026;PERSONAS FÍSICAS QUE NO DESARROLLAN ACTIVIDAD ECONÓMICA;EDUCACIÓN;Concurrencia competitiva - canónica;6300.0;False;;0;beneficiario no empresarial (asociación/ayuntamiento/parroquia/club/...);0;me;
1123139;921578;LOCAL;QUART DE POBLET;Convocatoria a favor de la Asociación Grup de Danses de Quart de Poblet para intercambios y participación en festivales relacionados con el folclore y la danza del año 2026;PERSONAS JURÍDICAS QUE NO DESARROLLAN ACTIVIDAD ECONÓMICA;OTROS SERVICIOS;Concesión directa - instrumental;3800.0;False;30/05/2026;0;beneficiario no empresarial (asociación/ayuntamiento/parroquia/club/...);0;me;
1123135;921574;LOCAL;QUART DE POBLET;Convocatoria a favor de la Asociación Grup de Danses de Quart de Poblet para los cursos de baile y escuela de cant d'estil del año 2026;PERSONAS JURÍDICAS QUE NO DESARROLLAN ACTIVIDAD ECONÓMICA;OTROS SERVICIOS;Concesión directa - instrumental;3200.0;False;30/05/2026;0;beneficiario no empresarial (asociación/ayuntamiento/parroquia/club/...);0;me;
1123128;921567;LOCAL;QUART DE POBLET;Convocatoria a favor de la Asociación 'Quart es Ciencia' para la organización de la Semana de la Ciencia y otras actividades científicas y culturales 2026;PERSONAS JURÍDICAS QUE NO DESARROLLAN ACTIVIDAD ECONÓMICA;OTROS SERVICIOS;Concesión directa - instrumental;4000.0;False;30/05/2026;0;beneficiario no empresarial (asociación/ayuntamiento/parroquia/club/...);0;me;
1123127;921566;LOCAL;DIPUTACIÓN PROV. DE VALENCIA;CONVOCATORIA AYUDAS MUNICIPIOS TE FALTA PUEBLO 2026. INVERSIÓN;PERSONAS JURÍDICAS QUE NO DESARROLLAN ACTIVIDAD ECONÓMICA;ACTIVIDADES ADMINISTRATIVAS Y SERVICIOS AUXILIARES;Concurrencia competitiva - canónica;900000.0;False;15/09/2026;0;beneficiario no empresarial (asociación/ayuntamiento/parroquia/club/...);0;me;
1123124;921563;LOCAL;QUART DE POBLET;Convocatoria a favor de Asociación Jocs Quart para las actividades del proyecto Jesta 2026;PERSONAS FÍSICAS QUE NO DESARROLLAN ACTIVIDAD ECONÓMICA;OTROS SERVICIOS;Concesión directa - instrumental;3500.0;False;30/05/2026;0;beneficiario no empresarial (asociación/ayuntamiento/parroquia/club/...);0;me;
1123117;921556;LOCAL;SEGORBE;CONCURSO DE ESCAPARATES FIESTAS PATRONALES 2026;PYME Y PERSONAS FÍSICAS QUE DESARROLLAN ACTIVIDAD ECONÓMICA;COMERCIO AL POR MAYOR Y AL POR MENOR;Concurrencia competitiva - canónica;1300.0;False;28/08/2026;0;premio/certamen/concurso, no es ayuda económica a la actividad empresarial;0;me;
1123110;921549;LOCAL;ELCHE/ELX;CONVOCATORIA 28º CERTAMEN NACIONAL DE JÓVENES CANTAUTORES/AS DE ELCHE.;PERSONAS FÍSICAS QUE NO DESARROLLAN ACTIVIDAD ECONÓMICA;Actividades de creación artística;Concurrencia competitiva - canónica;4200.0;False;26/10/2026;0;premio/certamen/concurso, no es ayuda económica a la actividad empresarial;0;me;
1123106;921545;LOCAL;QUART DE POBLET;Convocatoria a favor del Grupo Vocal de Cambra Renaixença para los cursos de canto coral y actividades musicales 2026;PERSONAS JURÍDICAS QUE NO DESARROLLAN ACTIVIDAD ECONÓMICA;OTROS SERVICIOS;Concesión directa - instrumental;1400.0;False;30/05/2026;0;beneficiario no empresarial (asociación/ayuntamiento/parroquia/club/...);0;me;
1123104;921543;LOCAL;PINÓS, EL/PINOSO;CONVENIO CON CÁRITAS DIOCESANA ORIHUELA 2023;PERSONAS JURÍDICAS QUE NO DESARROLLAN ACTIVIDAD ECONÓMICA;ACTIVIDADES SANITARIAS Y DE SERVICIOS SOCIALES;Concesión directa - instrumental;2000.0;True;;0;beneficiario no empresarial (asociación/ayuntamiento/parroquia/club/...);0;me;
1123102;921541;LOCAL;QUART DE POBLET;Convocatoria a favor de la Asociación <centro Cultural Andaluz para las actividades culturales, cursos de baile y mantenimiento del local durante el año 2026;PERSONAS JURÍDICAS QUE NO DESARROLLAN ACTIVIDAD ECONÓMICA;OTROS SERVICIOS;Concesión directa - instrumental;2250.0;False;30/05/2026;0;beneficiario no empresarial (asociación/ayuntamiento/parroquia/club/...);0;me;
1123101;921540;LOCAL;PINÓS, EL/PINOSO;CONVENIO CRUZ ROJA ESPAÑOLA 2023;PERSONAS JURÍDICAS QUE NO DESARROLLAN ACTIVIDAD ECONÓMICA;ACTIVIDADES SANITARIAS Y DE SERVICIOS SOCIALES;Concesión directa - instrumental;8000.0;True;;0;beneficiario no empresarial (asociación/ayuntamiento/parroquia/club/...);0;me;
1123097;921536;LOCAL;QUART DE POBLET;Convocatoria a favor de la Falla Marqués de Solferi (grupo de danza) para las actividades del 'Grupo de Danzas' 2026;PERSONAS JURÍDICAS QUE NO DESARROLLAN ACTIVIDAD ECONÓMICA;OTROS SERVICIOS;Concesión directa - instrumental;775.0;False;30/05/2026;0;beneficiario no empresarial (asociación/ayuntamiento/parroquia/club/...);0;me;
1123080;921519;LOCAL;CALP;SUBVENCIÓN NOMINATIVA HERMANDAD NUESTRA SEÑORA DE LA SALUD DE CALPE, ANUALIDAD 2026;PERSONAS JURÍDICAS QUE NO DESARROLLAN ACTIVIDAD ECONÓMICA;ACTIVIDADES ARTÍSTICAS, DEPORTIVAS Y DE ENTRETENIMIENTO;Concesión directa - instrumental;4000.0;False;30/09/2026;0;beneficiario no empresarial (asociación/ayuntamiento/parroquia/club/...);0;me;
1123079;921518;LOCAL;QUART DE POBLET;Convocatoria a favor de la Asociación L'Esglai Teatre para el proyecto de actividades teatrales 2026;PERSONAS JURÍDICAS QUE NO DESARROLLAN ACTIVIDAD ECONÓMICA;OTROS SERVICIOS;Concesión directa - instrumental;1300.0;False;30/05/2026;0;beneficiario no empresarial (asociación/ayuntamiento/parroquia/club/...);0;me;
1123077;921516;LOCAL;PILAR DE LA HORADADA;CONVOCATORIA XXVII CONCURSO DE CARTELES DE LAS FIESTAS PATRONALES DE PILAR DE LA HORADADA. ANUALIDAD 2026.;PERSONAS FÍSICAS QUE NO DESARROLLAN ACTIVIDAD ECONÓMICA;ACTIVIDADES ARTÍSTICAS, DEPORTIVAS Y DE ENTRETENIMIENTO;Concurrencia competitiva - canónica;1750.0;False;25/08/2026;0;premio/certamen/concurso, no es ayuda económica a la actividad empresarial;0;me;
1123075;921514;LOCAL;ALMUSSAFES;BASES PARA LA CONCESIÓN DE SUBVENCIONES DESTINADAS AL FOMENTO DE LA EDUCACIÓN NO FORMAL DENTRO DEL OCIO EDUCATIVO EN PAÍSES DE LA UNIÓN EUROPEA DURANTE EL AÑO 2026;PERSONAS FÍSICAS QUE NO DESARROLLAN ACTIVIDAD ECONÓMICA;EDUCACIÓN;Concurrencia competitiva - canónica;3000.0;False;30/09/2026;0;beneficiario no empresarial (asociación/ayuntamiento/parroquia/club/...);0;me;
1123072;921511;LOCAL;DIPUTACIÓN PROV. DE ALICANTE;Dotación económica al Grupo Político VOX de la Diputación de Alicante. Anualidad 2026;PERSONAS JURÍDICAS QUE NO DESARROLLAN ACTIVIDAD ECONÓMICA;OTROS SERVICIOS;Concesión directa - instrumental;24495.0;True;;0;beneficiario no empresarial (asociación/ayuntamiento/parroquia/club/...);0;me;
1123064;921503;LOCAL;DIPUTACIÓN PROV. DE ALICANTE;Dotación económica al Grupo Compromís de la Diputación de Alicante. Anualidad 2026;PERSONAS JURÍDICAS QUE NO DESARROLLAN ACTIVIDAD ECONÓMICA;OTROS SERVICIOS;Concesión directa - instrumental;24495.0;True;;0;beneficiario no empresarial (asociación/ayuntamiento/parroquia/club/...);0;me;
1123061;921500;LOCAL;QUART DE POBLET;Convocatoria a favor de la Entidad Cultural Castilla La Mancha-Quart para las actividades culturales y mantenimiento del local 2026;PERSONAS JURÍDICAS QUE NO DESARROLLAN ACTIVIDAD ECONÓMICA;OTROS SERVICIOS;Concesión directa - instrumental;8000.0;False;30/05/2026;0;beneficiario no empresarial (asociación/ayuntamiento/parroquia/club/...);0;me;
1123048;921487;LOCAL;DIPUTACIÓN PROV. DE VALENCIA;CONVOCATORIA SUBVENCIÓN AYTO. BUÑOL DESTINADA A LA CELEBRACIÓN DE LA FIESTA DE LA TOMATINA 2026;PERSONAS JURÍDICAS QUE NO DESARROLLAN ACTIVIDAD ECONÓMICA;ACTIVIDADES ARTÍSTICAS, DEPORTIVAS Y DE ENTRETENIMIENTO;Concesión directa - instrumental;55000.0;True;;0;beneficiario no empresarial (asociación/ayuntamiento/parroquia/club/...);0;me;
1123047;921486;LOCAL;DIPUTACIÓN PROV. DE VALENCIA;CONVOCATORIA AYUDAS A MUNICIPIOS  TE FALTA PUEBLO. CONCURRENCIA COMPETITIVA. GASTO CORRIENTE;PERSONAS JURÍDICAS QUE NO DESARROLLAN ACTIVIDAD ECONÓMICA;ACTIVIDADES ADMINISTRATIVAS Y SERVICIOS AUXILIARES;Concurrencia competitiva - canónica;1458000.0;False;15/09/2026;0;beneficiario no empresarial (asociación/ayuntamiento/parroquia/club/...);0;me;
1123038;921477;LOCAL;DIPUTACIÓN PROV. DE ALICANTE;Dotación económica al Grupo Socialista de la Diputación de Alicante. Anualidad 2025.;PERSONAS JURÍDICAS QUE NO DESARROLLAN ACTIVIDAD ECONÓMICA;OTROS SERVICIOS;Concesión directa - instrumental;122475.0;True;;0;beneficiario no empresarial (asociación/ayuntamiento/parroquia/club/...);0;me;
1123035;921474;LOCAL;DIPUTACIÓN PROV. DE ALICANTE;Dotación económica al Grupo Político Popular de la Diputación Provincial de Alicante. Anualidad 2026;PERSONAS JURÍDICAS QUE NO DESARROLLAN ACTIVIDAD ECONÓMICA;OTROS SERVICIOS;Concesión directa - instrumental;146970.0;True;;0;beneficiario no empresarial (asociación/ayuntamiento/parroquia/club/...);0;me;
1123025;921464;LOCAL;DIPUTACIÓN PROV. DE ALICANTE;Subvención nominativa a la Foguera Diputación Renfe de Alicante 2026 - Ayuda construcción monumentos y pirotecnia;PERSONAS JURÍDICAS QUE NO DESARROLLAN ACTIVIDAD ECONÓMICA;ACTIVIDADES ARTÍSTICAS, DEPORTIVAS Y DE ENTRETENIMIENTO;Concesión directa - instrumental;35000.0;True;;0;beneficiario no empresarial (asociación/ayuntamiento/parroquia/club/...);0;me;
1123015;921454;LOCAL;QUART DE POBLET;"SUBVENCIÓN NOMINATIVA PATRONATO INTERMUNICIPAL FRANCISC ESTEVE - PROYECTO ""MANTENIMIENTO CENTROS"" 2026.";PERSONAS JURÍDICAS QUE NO DESARROLLAN ACTIVIDAD ECONÓMICA;ACTIVIDADES SANITARIAS Y DE SERVICIOS SOCIALES;Concesión directa - instrumental;18000.0;False;31/12/2026;0;beneficiario no empresarial (asociación/ayuntamiento/parroquia/club/...);0;me;
1123005;921444;LOCAL;GATA DE GORGOS;CONVENIO 2026 GORGOS CLUB DE FUTBOL;PERSONAS JURÍDICAS QUE NO DESARROLLAN ACTIVIDAD ECONÓMICA;ACTIVIDADES ARTÍSTICAS, DEPORTIVAS Y DE ENTRETENIMIENTO;Concesión directa - instrumental;5000.0;False;31/12/2026;0;beneficiario no empresarial (asociación/ayuntamiento/parroquia/club/...);0;me;
1122998;921437;LOCAL;POLINYÀ DE XÚQUER;PREMIS MOSTRA ESPORTIVA 2026;PERSONAS FÍSICAS QUE NO DESARROLLAN ACTIVIDAD ECONÓMICA;ACTIVIDADES ARTÍSTICAS, DEPORTIVAS Y DE ENTRETENIMIENTO;Concurrencia competitiva - canónica;1294.11;False;06/07/2026;0;beneficiario no empresarial (asociación/ayuntamiento/parroquia/club/...);0;me;
1122963;921402;LOCAL;RIBA-ROJA DE TÚRIA;Convocatoria de subvenciones destinadas a ayudas de emergencia social durante el año 2025;PERSONAS FÍSICAS QUE NO DESARROLLAN ACTIVIDAD ECONÓMICA;ACTIVIDADES SANITARIAS Y DE SERVICIOS SOCIALES;Concurrencia competitiva - canónica;0.0;False;30/11/2025;0;beneficiario no empresarial (asociación/ayuntamiento/parroquia/club/...);0;me;
1122955;921394;LOCAL;ALCOY/ALCOI;CONVENIO DE COLABORACIÓN ENTRE AYUNTAMIENTO DE ALCOY Y AUTOMÓVIL CLUB AIA PARA LA REALIZACIÓN DE ACTIVIDADES DEPORTIVAS ANUALIDAD 2026;PERSONAS JURÍDICAS QUE NO DESARROLLAN ACTIVIDAD ECONÓMICA;Actividades deportivas;Concesión directa - instrumental;5500.0;False;30/11/2026;0;beneficiario no empresarial (asociación/ayuntamiento/parroquia/club/...);0;me;
1122954;921393;LOCAL;ALCOY/ALCOI;CONVENIO DE COLABORACIÓN ENTRE AYUNTAMIENTO DE ALCOY Y CLUB ATLETISMO ALCOY PARA LA REALIZACIÓN DE ACTIVIDADES Y PARTICIPACIÓN EN COMPETICIONES DEPORTIVAS ANUALIDAD 2026;PERSONAS JURÍDICAS QUE NO DESARROLLAN ACTIVIDAD ECONÓMICA;Actividades deportivas;Concesión directa - instrumental;8360.0;False;30/11/2026;0;beneficiario no empresarial (asociación/ayuntamiento/parroquia/club/...);0;me;
1122952;921391;LOCAL;ALDAIA;Convocatoria y Bases ayudas Beca Material Escolar Aldaia 2026-2027;PERSONAS FÍSICAS QUE NO DESARROLLAN ACTIVIDAD ECONÓMICA;EDUCACIÓN;Concurrencia competitiva - canónica;150000.0;False;;0;beneficiario no empresarial (asociación/ayuntamiento/parroquia/club/...);0;me;
1122946;921385;LOCAL;ALCOY/ALCOI;¿CONVENIO DE COLABORACIÓN ENTRE COMISIONES OBRERAS DEL PAÍS VALENCIANO Y EL AYUNTAMIENTO DE ALCOY PARA EL FOMENTO Y DEFENSA DE LOS INTERESES ECONÓMICOS Y SOCIALES DE LA EMPLEABILIDAD DEL CONJUNTO DE LOS TRABAJADORES Y TRABAJADORAS DE ALCOY,  2026;PERSONAS FÍSICAS QUE NO DESARROLLAN ACTIVIDAD ECONÓMICA | PERSONAS JURÍDICAS QUE NO DESARROLLAN ACTIVIDAD ECONÓMICA | PYME Y PERSONAS FÍSICAS QUE DESARROLLAN ACTIVIDAD ECONÓMICA;Actividades sindicales;Concesión directa - instrumental;6000.0;False;30/11/2026;0;beneficiario no empresarial (asociación/ayuntamiento/parroquia/club/...);2;me;
1122942;921381;LOCAL;QUART DE POBLET;"SUBVENCIÓN NOMINATIVA PATRONATO FRANCISCO ESTEVE - PROYECTO ""INSPIRAT"" 2026";PERSONAS JURÍDICAS QUE NO DESARROLLAN ACTIVIDAD ECONÓMICA;ACTIVIDADES SANITARIAS Y DE SERVICIOS SOCIALES;Concesión directa - instrumental;2500.0;False;31/12/2026;0;beneficiario no empresarial (asociación/ayuntamiento/parroquia/club/...);0;me;
1122935;921374;LOCAL;QUART DE POBLET;"SUBVENCIÓN NOMINATIVA PATRONATO FRANCISCO ESTEVE - PROYECTO ""INSPIRAT"" 2026";PERSONAS JURÍDICAS QUE NO DESARROLLAN ACTIVIDAD ECONÓMICA;ACTIVIDADES SANITARIAS Y DE SERVICIOS SOCIALES;Concesión directa - instrumental;18000.0;False;31/12/2026;0;beneficiario no empresarial (asociación/ayuntamiento/parroquia/club/...);0;me;
1122927;921366;LOCAL;ALMUSSAFES;CONVENIO PARA LA CONCESIÓN DE SUBVENCIÓN DESTINADA A GASTOS CORRIENTES ENTRE EL AYUNTAMIENTO DE ALMUSSAFES Y LA COMPARSA MORA ALI BEN BUFAT DE ALMUSSAFES 2026.;PERSONAS JURÍDICAS QUE NO DESARROLLAN ACTIVIDAD ECONÓMICA;ACTIVIDADES ARTÍSTICAS, DEPORTIVAS Y DE ENTRETENIMIENTO;Concesión directa - instrumental;5000.0;False;31/10/2026;0;beneficiario no empresarial (asociación/ayuntamiento/parroquia/club/...);0;me;
1122923;921362;LOCAL;TORRENT;ASOCIACIÓN MODELISTA TORRENT (AMT);PERSONAS JURÍDICAS QUE NO DESARROLLAN ACTIVIDAD ECONÓMICA;ACTIVIDADES ARTÍSTICAS, DEPORTIVAS Y DE ENTRETENIMIENTO;Concesión directa - instrumental;3000.0;False;31/12/2026;0;beneficiario no empresarial (asociación/ayuntamiento/parroquia/club/...);0;me;
1122889;921328;LOCAL;ALCOY/ALCOI;CONVENIO DE COLABORACIÓN CON LA AGRUPACIÓN FOTOGRÁFICA ALCOYANA PARA LA ORGANIZACIÓN Y DOTACIÓN DE LOS PREMIOS DEL SALÓN LOCAL DE FOTOGRAFÍA 2026;PERSONAS JURÍDICAS QUE NO DESARROLLAN ACTIVIDAD ECONÓMICA | PYME Y PERSONAS FÍSICAS QUE DESARROLLAN ACTIVIDAD ECONÓMICA;Actividades de creación artística y artes escénicas;Concesión directa - instrumental;2250.0;False;03/11/2026;0;premio/certamen/concurso, no es ayuda económica a la actividad empresarial;0;me;
1122888;921327;LOCAL;ALCOY/ALCOI;CONVENIO CON EL CLUB D`AMICS DE LA UNESCO D`ALCOI PARA LA REALIZACIÓN CONJUNTA DE ACTIVIDADES CULTURALES, SOCIALES Y PARTICIPATIVAS ANUALIDAD 2026;PERSONAS JURÍDICAS QUE NO DESARROLLAN ACTIVIDAD ECONÓMICA | PYME Y PERSONAS FÍSICAS QUE DESARROLLAN ACTIVIDAD ECONÓMICA;ACTIVIDADES ARTÍSTICAS, DEPORTIVAS Y DE ENTRETENIMIENTO;Concesión directa - instrumental;5000.0;False;03/11/2026;0;beneficiario no empresarial (asociación/ayuntamiento/parroquia/club/...);2;me;
1122869;921308;LOCAL;ONTINYENT;CONVOCATORIA  SUBVENCIONES A ENTIDADES DEL MUNICIPIO DE ONTINYENT EN EL  ÁMBITO CULTURAL, FESTIVO Y TRADICIONAL  2026;PERSONAS JURÍDICAS QUE NO DESARROLLAN ACTIVIDAD ECONÓMICA;ACTIVIDADES ARTÍSTICAS, DEPORTIVAS Y DE ENTRETENIMIENTO;Concurrencia competitiva - canónica;18000.0;False;;0;beneficiario no empresarial (asociación/ayuntamiento/parroquia/club/...);0;me;
1122864;921303;LOCAL;ALFAFAR;SUBVENCIÓN NOMINATIVA AL CENTRO INSTRUCTIVO MUSICAL DE ALFAFAR (CIMA) - PELOTA VALENCIANA FRONTÓN POR PAREJAS - EJERCICIO 2026.;PERSONAS JURÍDICAS QUE NO DESARROLLAN ACTIVIDAD ECONÓMICA;ACTIVIDADES ARTÍSTICAS, DEPORTIVAS Y DE ENTRETENIMIENTO;Concesión directa - instrumental;2500.0;False;30/11/2026;0;beneficiario no empresarial (asociación/ayuntamiento/parroquia/club/...);0;me;
1122855;921294;LOCAL;ALFAFAR;SUBVENCIÓN NOMINATIVA AL I.E.S. 25 D'ABRIL DE ALFAFAR - CURSO 2025/2026.;PERSONAS JURÍDICAS QUE NO DESARROLLAN ACTIVIDAD ECONÓMICA;EDUCACIÓN;Concesión directa - instrumental;5129.5;False;31/10/2026;0;beneficiario no empresarial (asociación/ayuntamiento/parroquia/club/...);0;me;
1121565;920004;LOCAL;PATERNA;CONVENIO DE COLABORACIÓN ENTRE EL AYUNTAMIENTO DE PATERNA Y APYMEP PARA LA DINAMIZACIÓN ECONÓMICA DE LAS MICROPYMES Y AUTÓNOMOS/AS DE PATERNA EJERCICIO 2026;PERSONAS JURÍDICAS QUE NO DESARROLLAN ACTIVIDAD ECONÓMICA;OTROS SERVICIOS;Concesión directa - instrumental;25000.0;False;15/09/2026;0;beneficiario no empresarial (asociación/ayuntamiento/parroquia/club/...);1;me;
1114730;913169;LOCAL;DIPUTACIÓN PROV. DE ALICANTE;Subvención  a la Federación de Empresarios del Metal de la Provincia de Alicante (FEMPA): para acciones de impulso a la innovación, digitalización, sostenibilidad, transición ecológica y agenda verde para pymes provinciales del metal;PERSONAS JURÍDICAS QUE NO DESARROLLAN ACTIVIDAD ECONÓMICA;OTROS SERVICIOS;Concesión directa - instrumental;100000.0;False;;0;beneficiario no empresarial (asociación/ayuntamiento/parroquia/club/...);1;me;
1105179;903618;OTROS;CÁMARA DE COMERCIO DE CASTELLÓN;CONVOCATORIA DE AYUDAS A PYMES DE LA PROVINCIA DE CASTELLÓN PARA LA PARTICIPACION EN MISIÓN COMERCIAL A EGIPTO, DEL 19 AL 23 DE JULIO 2026;PYME Y PERSONAS FÍSICAS QUE DESARROLLAN ACTIVIDAD ECONÓMICA;OTROS SERVICIOS | TRANSPORTE Y ALMACENAMIENTO;Concurrencia competitiva - canónica;22046.28;False;;2;beneficiario empresarial claro;2;me;
1068089;866528;LOCAL;CATARROJA;Convocatoria de ayudas locales a autónomos, microempresas, pymes para la reactivación económica local . Reconstrucción DANA 2025;PYME Y PERSONAS FÍSICAS QUE DESARROLLAN ACTIVIDAD ECONÓMICA;ACTIVIDADES DE EDICIÓN, RADIODIFUSIÓN Y PRODUCCIÓN Y DISTRIBUCIÓN DE CONTENIDOS | COMERCIO AL POR MAYOR Y AL POR MENOR | HOSTELERÍA | OTROS SERVICIOS | TRANSPORTE Y ALMACENAMIENTO;Concesión directa - canónica;400000.0;False;;2;beneficiario empresarial claro;2;me;
1062634;861073;LOCAL;DIPUTACIÓN PROV. DE ALICANTE;Subvención Federación de Empresarios del Metal de la Provincia deAlicante (FEMPA): para acciones de impulso a la innovación, digitalización,sostenibilidad, transición ecológica y agenda verde para pymes del sector metal.;PERSONAS JURÍDICAS QUE NO DESARROLLAN ACTIVIDAD ECONÓMICA;OTROS SERVICIOS | TRANSPORTE Y ALMACENAMIENTO;Concesión directa - canónica;100000.0;False;;0;beneficiario no empresarial (asociación/ayuntamiento/parroquia/club/...);1;me;
1059560;857999;LOCAL;PATERNA;CONVENIO DE COLABORACIÓN ENTRE EL AYUNTAMIENTO DE PATERNA Y APYMEP PARA LA DINAMIZACIÓN ECONÓMICA DE LAS MICROPYMES Y AUTÓNOMOS/AS DE PATERNA EJERCICIO 2025;PERSONAS JURÍDICAS QUE NO DESARROLLAN ACTIVIDAD ECONÓMICA;OTROS SERVICIOS | TRANSPORTE Y ALMACENAMIENTO;Concesión directa - instrumental;25000.0;False;;0;beneficiario no empresarial (asociación/ayuntamiento/parroquia/club/...);1;me;
1034901;833340;LOCAL;DIPUTACIÓN PROV. DE ALICANTE;Subvención a la Federación Alicantina de Comercio y Pymes Provincia Alicante (Facpyme) para promoción del sector;PERSONAS JURÍDICAS QUE NO DESARROLLAN ACTIVIDAD ECONÓMICA;OTROS SERVICIOS | TRANSPORTE Y ALMACENAMIENTO;Concesión directa - instrumental;120000.0;False;;0;beneficiario no empresarial (asociación/ayuntamiento/parroquia/club/...);1;me;
1029935;828374;OTROS;CÁMARA DE COMERCIO DE CASTELLÓN;CONVOCATORIA DE AYUDAS A PYMES DE LA PROVINCIA DE CASTELLÓN PARA LA PARTICIPACION EN MISIÓN COMERCIAL A MARRUECOS, DEL 27 AL 30 DE MAYO,;PYME Y PERSONAS FÍSICAS QUE DESARROLLAN ACTIVIDAD ECONÓMICA;OTROS SERVICIOS | TRANSPORTE Y ALMACENAMIENTO;Concurrencia competitiva - canónica;16627.8;False;09/05/2025;2;beneficiario empresarial claro;2;me;
1027763;826202;LOCAL;XÀTIVA;2ª Prórroga Convenio de Colaboración entre la Cámara Oficial de Comercio, Industria, Servicios y Navegación y el Ayuntamiento de Xàtiva, para la prestación de servicios a empresas, en especial a las pymes del municipio;PERSONAS JURÍDICAS QUE NO DESARROLLAN ACTIVIDAD ECONÓMICA;ACTIVIDADES DE EDICIÓN, RADIODIFUSIÓN Y PRODUCCIÓN Y DISTRIBUCIÓN DE CONTENIDOS | COMERCIO AL POR MAYOR Y AL POR MENOR | OTROS SERVICIOS;Concesión directa - instrumental;40000.0;False;;0;beneficiario no empresarial (asociación/ayuntamiento/parroquia/club/...);0;me;
1026041;824480;AUTONOMICA;COMUNITAT VALENCIANA;DECRETO 51/2025, de 1 de abril de 2025, del Consell, por el que se aprueban las bases reguladoras y el procedimiento de concesión directa de ayudas para la recuperación y reactivación de PYMES industriales, comercios, hostelería y servicios daños DANA;PYME Y PERSONAS FÍSICAS QUE DESARROLLAN ACTIVIDAD ECONÓMICA;ACTIVIDADES ARTÍSTICAS, DEPORTIVAS Y DE ENTRETENIMIENTO | ACTIVIDADES DE EDICIÓN, RADIODIFUSIÓN Y PRODUCCIÓN Y DISTRIBUCIÓN DE CONTENIDOS | AGRICULTURA, GANADERÍA, SILVICULTURA Y PESCA | COMERCIO AL POR MAYOR Y AL POR MENOR | HOSTELERÍA | INDUSTRIA MANUFACTURERA | OTROS SERVICIOS | TRANSPORTE Y ALMACENAMIENTO;Concesión directa - canónica;127413540.0;False;24/07/2025;2;beneficiario empresarial claro;2;me;
991000;789440;LOCAL;VILLENA;ACUERDO JUNTA DE GOBIERNO LOCAL de 23/09/2024, de aprobación Convenio de Colaboración con la Federación de Comercio y Pymes de;;;;;;;;;1;me;
"la provincia de Alicante (en adelante FACPYME) como Entidad Colaboradora.""";PYME Y PERSONAS FÍSICAS QUE DESARROLLAN ACTIVIDAD ECONÓMICA;ACTIVIDADES DE EDICIÓN, RADIODIFUSIÓN Y PRODUCCIÓN Y DISTRIBUCIÓN DE CONTENIDOS | COMERCIO AL POR MAYOR Y AL POR MENOR | OTROS SERVICIOS;Concesión directa - instrumental;30000.0;False;;2;beneficiario empresarial claro;;;;;0;me;
975329;773769;LOCAL;DIPUTACIÓN PROV. DE CASTELLÓN;SUBVENCIÓN A AYUNTAMIENTOS AFECTADOS POR INCENDIOS PARA AUTÓNOMOS Y PYMES;PERSONAS JURÍDICAS QUE NO DESARROLLAN ACTIVIDAD ECONÓMICA;Actividades auxiliares a la educación | Actividades de intermediación para reparación y mantenimiento de ordenadores, artículos personales y enseres domésticos y vehículos de motor y motocicletas | Actividades de intermediación para servicios de apoyo a las empresas n.c.o.p. | Actividades de intermediación para servicios de construcción especializada | Actividades de intermediación para servicios personales | Actividades de reventa de telecomunicaciones y servicios de intermediación para telecomunicaciones | Actividades de servicios de intermediación para el comercio al por menor | Intermediarios del comercio al por mayor | Otras actividades de apoyo a las empresas n.c.o.p. | Otras actividades de asistencia en establecimientos residenciales | Otras actividades sanitarias | Servicios de intermediación para el alquiler de bienes tangibles y de activos intangibles no financieros | Servicios de intermediación para las actividades postales y de mensajería;Concurrencia competitiva - canónica;200000.0;False;;0;beneficiario no empresarial (asociación/ayuntamiento/parroquia/club/...);0;me;
972072;770512;LOCAL;CATARROJA;Convocatoria ayudas locales personas autónomas, microempresa y pymes. Plan Reactiva 2024;PYME Y PERSONAS FÍSICAS QUE DESARROLLAN ACTIVIDAD ECONÓMICA;ACTIVIDADES DE EDICIÓN, RADIODIFUSIÓN Y PRODUCCIÓN Y DISTRIBUCIÓN DE CONTENIDOS | COMERCIO AL POR MAYOR Y AL POR MENOR | HOSTELERÍA | OTROS SERVICIOS | TRANSPORTE Y ALMACENAMIENTO;Concesión directa - canónica;80000.0;False;;2;beneficiario empresarial claro;2;me;
963033;761473;LOCAL;PATERNA;CONVENIO DE COLABORACIÓN ENTRE EL AYUNTAMIENTO DE PATERNA Y APYMEP PARA LA DINAMIZACIÓN ECONÓMICA DE LAS MICROPYMES Y AUTÓNOMOS/AS DE PATERNA EJERCICIO 2024;PERSONAS JURÍDICAS QUE NO DESARROLLAN ACTIVIDAD ECONÓMICA;OTROS SERVICIOS | TRANSPORTE Y ALMACENAMIENTO;Concesión directa - instrumental;25000.0;False;15/09/2024;0;beneficiario no empresarial (asociación/ayuntamiento/parroquia/club/...);1;me;
961359;759799;OTROS;CÁMARA DE COMERCIO DE VALENCIA;ANULADA CONVOCATORIA DE AYUDAS A PYMES DE LA COMUNIDAD VALENCIANA PARA LA PARTICIPACION EN LA MISIÓN COMERCIAL A INDIA DEL 17 AL 21 DE JUNIO, EN EL MARCO DEL PROGRAMA PYME GLOBAL 2024;PYME Y PERSONAS FÍSICAS QUE DESARROLLAN ACTIVIDAD ECONÓMICA;ACTIVIDADES ADMINISTRATIVAS Y SERVICIOS AUXILIARES | ACTIVIDADES ARTÍSTICAS, DEPORTIVAS Y DE ENTRETENIMIENTO | ACTIVIDADES DE EDICIÓN, RADIODIFUSIÓN Y PRODUCCIÓN Y DISTRIBUCIÓN DE CONTENIDOS | ACTIVIDADES DE LOS HOGARES COMO EMPLEADORES Y COMO PRODUCTORES DE BIENES Y SERVICIOS NO DIFERENCIADOS PARA USO PROPIO | ACTIVIDADES FINANCIERAS Y DE SEGUROS | ACTIVIDADES INMOBILIARIAS | ACTIVIDADES PROFESIONALES, CIENTÍFICAS Y TÉCNICAS | ACTIVIDADES SANITARIAS Y DE SERVICIOS SOCIALES | ADMINISTRACIÓN PÚBLICA Y DEFENSA;;;;;;;2;me;
933675;732115;LOCAL;DIPUTACIÓN PROV. DE ALICANTE;Expediente de subvención nominativa - a la Federación de Empresarios del Metal de la Provincia de Alicante (FEMPA): acciones de impulso a la innovación, digitalización, sostenibilidad, transición ecológica y agenda verde para pymes del sector del metal;PERSONAS JURÍDICAS QUE NO DESARROLLAN ACTIVIDAD ECONÓMICA;OTROS SERVICIOS | TRANSPORTE Y ALMACENAMIENTO;Concesión directa - instrumental;100000.0;False;;0;beneficiario no empresarial (asociación/ayuntamiento/parroquia/club/...);1;me;
932884;731324;LOCAL;BENIDORM;AMPLIACIÓN PLAZO BASES REGULADORAS DE LA CONCESIÓN DE AYUDAS A PYMES, MICROPYMES, EMPRESARIOS AUTÓNOMOS Y PROFESIONALES EN BENIDORM, CON DESTINO A MINIMIZAR EL IMPACTO ECONÓMICO DE LA CRISIS GENERADA POR LA INVASIÓN DE UCRANIA POR PARTE DE RUSIA;PYME Y PERSONAS FÍSICAS QUE DESARROLLAN ACTIVIDAD ECONÓMICA;ACTIVIDADES ADMINISTRATIVAS Y SERVICIOS AUXILIARES | ACTIVIDADES ARTÍSTICAS, DEPORTIVAS Y DE ENTRETENIMIENTO | ACTIVIDADES DE EDICIÓN, RADIODIFUSIÓN Y PRODUCCIÓN Y DISTRIBUCIÓN DE CONTENIDOS | ACTIVIDADES INMOBILIARIAS | ACTIVIDADES SANITARIAS Y DE SERVICIOS SOCIALES | ADMINISTRACIÓN PÚBLICA Y DEFENSA;;;;;;;2;me;
932545;730985;LOCAL;CALP;CONVOCATORIA DE AYUDAS CON DESTINO MINIMIZAR IMPACTO ECONÓMICO CRISIS SOBRE PYMES, MICROPYMES, PEQUEÑOS EMPRESARIOS AUTÓNOMOS Y PROFESIONALES DE CALP, ANUALIDAD 2023;PYME Y PERSONAS FÍSICAS QUE DESARROLLAN ACTIVIDAD ECONÓMICA;ACTIVIDADES ADMINISTRATIVAS Y SERVICIOS AUXILIARES | ACTIVIDADES ARTÍSTICAS, DEPORTIVAS Y DE ENTRETENIMIENTO | ACTIVIDADES DE EDICIÓN, RADIODIFUSIÓN Y PRODUCCIÓN Y DISTRIBUCIÓN DE CONTENIDOS | ACTIVIDADES FINANCIERAS Y DE SEGUROS | ACTIVIDADES INMOBILIARIAS | ACTIVIDADES PROFESIONALES, CIENTÍFICAS Y TÉCNICAS | ACTIVIDADES SANITARIAS Y DE SERVICIOS SOCIALES | ADMINISTRACIÓN PÚBLICA Y DEFENSA;;;;;;;2;me;
932399;730839;LOCAL;CALLOSA DE SEGURA;AYUDAS CON DESTINO A MINIMIZAR EL IMPACTO ECONÓMICO QUE LA CRISIS ESTÁ SUPONIENDO SOBRE PYMES, MICROPYMES, PEQUEÑOS EMPRESARIOS AUTÓNOMOS Y PROFESIONALES EN EL MUNICIPIO DE CALLOSA DE SEGURA EN EL CONTEXTO DE LA INVASIÓN DE UCRANIA POR PARTE DE RUSIA;PYME Y PERSONAS FÍSICAS QUE DESARROLLAN ACTIVIDAD ECONÓMICA;ACTIVIDADES ADMINISTRATIVAS Y SERVICIOS AUXILIARES | ACTIVIDADES ARTÍSTICAS, DEPORTIVAS Y DE ENTRETENIMIENTO | ACTIVIDADES DE EDICIÓN, RADIODIFUSIÓN Y PRODUCCIÓN Y DISTRIBUCIÓN DE CONTENIDOS | ACTIVIDADES DE LOS HOGARES COMO EMPLEADORES Y COMO PRODUCTORES DE BIENES Y SERVICIOS NO DIFERENCIADOS PARA USO PROPIO | ACTIVIDADES FINANCIERAS Y DE SEGUROS | ACTIVIDADES INMOBILIARIAS | ACTIVIDADES PROFESIONALES, CIENTÍFICAS Y TÉCNICAS | ACTIVIDADES SANITARIAS Y DE SERVICIOS SOCIALES | ADMINISTRACIÓN PÚBLICA Y DEFENSA;;;;;;;2;me;
931213;729653;LOCAL;ALTEA;Bases reguladoras de la concesión de ayudas con destino a minimizar el impacto económico que la crisis está suponiendo sobre Pymes, Micropymes, Pequeño Empresariado autónomo y Profesionales en el contexto de la invasión de Ucrania por parte de Rusia 2023;PYME Y PERSONAS FÍSICAS QUE DESARROLLAN ACTIVIDAD ECONÓMICA;ACTIVIDADES DE EDICIÓN, RADIODIFUSIÓN Y PRODUCCIÓN Y DISTRIBUCIÓN DE CONTENIDOS | COMERCIO AL POR MAYOR Y AL POR MENOR | HOSTELERÍA | OTROS SERVICIOS | TRANSPORTE Y ALMACENAMIENTO;Concurrencia competitiva - canónica;276394.0;False;;2;beneficiario empresarial claro;2;me;
930924;729364;LOCAL;COCENTAINA;PROGRAMA C'ACTIVA 2023 (LÍNEA PYMES);PYME Y PERSONAS FÍSICAS QUE DESARROLLAN ACTIVIDAD ECONÓMICA;OTROS SERVICIOS | TRANSPORTE Y ALMACENAMIENTO;Concurrencia competitiva - canónica;166799.0;False;;2;beneficiario empresarial claro;2;me;
930790;729230;LOCAL;BENIDORM;BASES REGULADORAS DE AYUDAS A PYMES, MICROPYMES, EMPRESARIOS AUTÓNOMOS Y PROFESIONALES EN BENIDORM, CON DESTINO A MINIMIZAR IMPACTO ECONÓMICO DE LA CRISIS GENERADA POR LA INVASIÓN DE UCRANIA POR PARTE DE RUSIA, FINANCIADAS POR DIPUTACION DE ALICANTE, 2023;PYME Y PERSONAS FÍSICAS QUE DESARROLLAN ACTIVIDAD ECONÓMICA;ACTIVIDADES ADMINISTRATIVAS Y SERVICIOS AUXILIARES | ACTIVIDADES ARTÍSTICAS, DEPORTIVAS Y DE ENTRETENIMIENTO | ACTIVIDADES DE EDICIÓN, RADIODIFUSIÓN Y PRODUCCIÓN Y DISTRIBUCIÓN DE CONTENIDOS | ACTIVIDADES DE LOS HOGARES COMO EMPLEADORES Y COMO PRODUCTORES DE BIENES Y SERVICIOS NO DIFERENCIADOS PARA USO PROPIO | ACTIVIDADES FINANCIERAS Y DE SEGUROS | ACTIVIDADES INMOBILIARIAS | ACTIVIDADES PROFESIONALES, CIENTÍFICAS Y TÉCNICAS | ACTIVIDADES SANITARIAS Y DE SERVICIOS SOCIALES | ADMINISTRACIÓN PÚBLICA Y DEFENSA;;;;;;;2;me;
930586;729026;LOCAL;CASTALLA;CONVOCATORIA AYUDAS  IMPACTO ECONOMICO  PYMES, MICROPYMES AUTONOMOS Y PROFESIONALES  CRISIS INVASION DE UCRANIA  2023;PYME Y PERSONAS FÍSICAS QUE DESARROLLAN ACTIVIDAD ECONÓMICA;OTROS SERVICIOS | TRANSPORTE Y ALMACENAMIENTO;Concesión directa - canónica;164741.0;False;;2;beneficiario empresarial claro;2;me;
930391;728831;LOCAL;SAX;SUBVENCIONES DESTINADAS A LA MINIMIZACIÓN DEL IMPACTO DE LA CRISIS, EN EL CONTEXTO DE LA INVASIÓN DE UCRANIA POR PARTE DE RUSIA, PARA PYMES, MICROPYMES, PEQUEÑOS AUTÓNOMOS Y EMPRESAS EN EL MUNICIPIO DE SAX. CAMPAÑA 2023.;PYME Y PERSONAS FÍSICAS QUE DESARROLLAN ACTIVIDAD ECONÓMICA;OTROS SERVICIOS | TRANSPORTE Y ALMACENAMIENTO;Concurrencia competitiva - canónica;153141.8;False;;2;beneficiario empresarial claro;2;me;
930364;728804;LOCAL;GRANJA DE ROCAMORA;CONCESIÓN DE AYUDAS DIRECTAS A PYMES. ANUALIDAD 2023.;PYME Y PERSONAS FÍSICAS QUE DESARROLLAN ACTIVIDAD ECONÓMICA;ACTIVIDADES ADMINISTRATIVAS Y SERVICIOS AUXILIARES | ACTIVIDADES ARTÍSTICAS, DEPORTIVAS Y DE ENTRETENIMIENTO | ACTIVIDADES DE EDICIÓN, RADIODIFUSIÓN Y PRODUCCIÓN Y DISTRIBUCIÓN DE CONTENIDOS | ACTIVIDADES FINANCIERAS Y DE SEGUROS | ACTIVIDADES INMOBILIARIAS | ACTIVIDADES PROFESIONALES, CIENTÍFICAS Y TÉCNICAS | ACTIVIDADES SANITARIAS Y DE SERVICIOS SOCIALES | ADMINISTRACIÓN PÚBLICA Y DEFENSA;;;;;;;2;me;
929513;727953;LOCAL;ONIL;Convocatoria Subvenciones Autónomos, Profesionales, Microempresas y Pymes CRISIS DE UCRANIA;PYME Y PERSONAS FÍSICAS QUE DESARROLLAN ACTIVIDAD ECONÓMICA;ACTIVIDADES DE EDICIÓN, RADIODIFUSIÓN Y PRODUCCIÓN Y DISTRIBUCIÓN DE CONTENIDOS | COMERCIO AL POR MAYOR Y AL POR MENOR | HOSTELERÍA | OTROS SERVICIOS | SUMINISTRO DE ENERGIA ELECTRICA, GAS, VAPOR Y AIRE ACONDICIONADO | TELECOMUNICACIONES, PROGRAMACIÓN INFORMÁTICA, CONSULTORÍA, INFRAESTRUCTURA INFORMÁTICA Y OTROS SERVICIOS DE INFORMACIÓN | TRANSPORTE Y ALMACENAMIENTO;Concurrencia competitiva - canónica;124620.0;False;;2;beneficiario empresarial claro;2;me;
929360;727800;LOCAL;AGOST;CONVOCATORIA PARA MINIMIZAR EL IMPACTO ECONÓMICO QUE LA CRISIS GENERADA POR LA INVASIÓN DE UCRANIA POR PARTE DE RUSIA ESTÁ SUPONIENDO SOBRE PYMES, MICROPYMES, PEQUEÑOS EMPRESARIOS AUTÓNOMOS Y PROFESIONALES, ANUALIDAD 2023;PYME Y PERSONAS FÍSICAS QUE DESARROLLAN ACTIVIDAD ECONÓMICA;OTROS SERVICIOS | TRANSPORTE Y ALMACENAMIENTO;Concurrencia competitiva - canónica;93105.0;False;08/12/2023;2;beneficiario empresarial claro;2;me;
929333;727773;LOCAL;PARCENT;APROBACIÓN DE BASES REGULADORAS Y DE LA CONVOCATORIA DE SUBVENCIONES CON DESTINO A MINIMIZAR EL IMPACTO ECONÓMICO QUE EL COVID-19 ESTÁ SUPONIENDO SOBRE PYMES, MICROPYMIES, PEQUEÑOS EMPRESARIOS AUTÓNOMOS Y PROFESIONALES DEL MUNICIPIO DE PARCENT, ANUALIDAD;PYME Y PERSONAS FÍSICAS QUE DESARROLLAN ACTIVIDAD ECONÓMICA;ACTIVIDADES DE EDICIÓN, RADIODIFUSIÓN Y PRODUCCIÓN Y DISTRIBUCIÓN DE CONTENIDOS | COMERCIO AL POR MAYOR Y AL POR MENOR | HOSTELERÍA | OTROS SERVICIOS | TRANSPORTE Y ALMACENAMIENTO;Concesión directa - canónica;32363.0;False;;2;beneficiario empresarial claro;2;me;
928758;727198;LOCAL;ALQUERIA D'ASNAR, L';RESOLUCIÓN 14/11/2023 Nº2023-0239 AYUNTAMIENTO L'ALQUERIA D'ASNAR. BASES CONVOCATORIA AYUDAS CON DESTINO A MINIMIZAR EL IMPACTO ECONÓMICO QUE LA CRISIS ESTÁ SUPONIENDO SOBRE PYMES, MICROPYMES, PEQUEÑOS EMPRESARIOS AUTÓNOMOS Y PROFESIONALES.;PYME Y PERSONAS FÍSICAS QUE DESARROLLAN ACTIVIDAD ECONÓMICA;OTROS SERVICIOS | TRANSPORTE Y ALMACENAMIENTO;Concurrencia competitiva - canónica;18575.0;False;08/12/2023;2;beneficiario empresarial claro;2;me;
928680;727120;LOCAL;MONÓVAR/MONÒVER;SUBVENCIONES PARA MINIMIZAR EL IMPACTO ECONÓMICO DE LA CRISIS EN PYMES, MICROPYMES, AUTÓNOMOS;PYME Y PERSONAS FÍSICAS QUE DESARROLLAN ACTIVIDAD ECONÓMICA;ACTIVIDADES DE EDICIÓN, RADIODIFUSIÓN Y PRODUCCIÓN Y DISTRIBUCIÓN DE CONTENIDOS | COMERCIO AL POR MAYOR Y AL POR MENOR | HOSTELERÍA | OTROS SERVICIOS | TRANSPORTE Y ALMACENAMIENTO;Concesión directa - canónica;177944.0;False;;2;beneficiario empresarial claro;2;me;
928675;727115;LOCAL;ONDARA;BASES REGULADORAS PARA LA CONCESIÓN DE SUBVENCIONES DESTINADAS A MINIMIZAR EL IMPACTO ECONÓMICO QUE LA CRISIS ENERGÉTICA ESTÁ SUPONIENDO SOBRE LAS PYMES, MICROPYMES, AUTÓNOMOS Y PROFESIONALES FINANCIADAS POR LA EXCMA. DIPUTACIÓN DE ALICANTE.ANUALIDAD 2023;PYME Y PERSONAS FÍSICAS QUE DESARROLLAN ACTIVIDAD ECONÓMICA;ACTIVIDADES ADMINISTRATIVAS Y SERVICIOS AUXILIARES | ACTIVIDADES ARTÍSTICAS, DEPORTIVAS Y DE ENTRETENIMIENTO | ACTIVIDADES DE EDICIÓN, RADIODIFUSIÓN Y PRODUCCIÓN Y DISTRIBUCIÓN DE CONTENIDOS | ACTIVIDADES FINANCIERAS Y DE SEGUROS | ACTIVIDADES INMOBILIARIAS | ACTIVIDADES PROFESIONALES, CIENTÍFICAS Y TÉCNICAS | ACTIVIDADES SANITARIAS Y DE SERVICIOS SOCIALES | AGRICULTURA, GANADERÍA, SILVICULTURA Y PESCA | COMERCIO AL POR MAYOR Y AL POR MENOR | CONSTRUCCIÓN | EDUCACIÓN | HOSTELERÍA | INDUSTRIA MANUFACTURERA | OTROS SERVICIOS | SUMINISTRO DE ENERGIA ELECTRICA, GAS, VAPOR Y AIRE ACONDICIONADO | TELECOMUNICACIONES, PROGRAMACIÓN INFORMÁTICA, CONSULTORÍA, INFRAESTRUCTURA INFORMÁTICA Y OTROS SERVICIOS DE INFORMACIÓN | TRANSPORTE Y ALMACENAMIENTO;Concesión directa - canónica;118709.0;False;;2;beneficiario empresarial claro;2;me;
928214;726654;LOCAL;TIBI;Por resolución de Alcaldía número 941 de 13 de noviembre de 2023 por la que se convoca la subvención para la minimización del impacto económico sobre PYMES, MICROPYMES, pequeños empresarios autónomos y profesionales, anualidad 2023;PYME Y PERSONAS FÍSICAS QUE DESARROLLAN ACTIVIDAD ECONÓMICA;ACTIVIDADES ADMINISTRATIVAS Y SERVICIOS AUXILIARES | ACTIVIDADES ARTÍSTICAS, DEPORTIVAS Y DE ENTRETENIMIENTO | ACTIVIDADES DE EDICIÓN, RADIODIFUSIÓN Y PRODUCCIÓN Y DISTRIBUCIÓN DE CONTENIDOS | ACTIVIDADES PROFESIONALES, CIENTÍFICAS Y TÉCNICAS | ACTIVIDADES SANITARIAS Y DE SERVICIOS SOCIALES | ADMINISTRACIÓN PÚBLICA Y DEFENSA;;;;;;;2;me;
927986;726426;LOCAL;ELDA;AYUDAS DIPUTACION ALICANTE CON DESTINO A MINIMIZAR EL IMPACTO ECONÓMICO QUE LA CRISIS ESTÁ SUPONIENDO SOBRE PYMES, MICROPYMES, PEQUEÑOS EMPRESARIOS AUTÓNOMOS Y PROFESIONALES CON DOMICILIO FISCAL EN ELDA EN EL CONTEXTO DE LA INVASIÓN DE UCRANIA.;PYME Y PERSONAS FÍSICAS QUE DESARROLLAN ACTIVIDAD ECONÓMICA;OTROS SERVICIOS | TRANSPORTE Y ALMACENAMIENTO;Concurrencia competitiva - canónica;587779.0;False;;2;beneficiario empresarial claro;2;me;
927954;726394;LOCAL;ASPE;Acuerdo de la Junta de Gobierno Local de 31 de octubre de 2023, por el que se aprueba la Convocatoria de Ayudas con destino a minimizar el impacto económico que la crisis está suponiendo sobre pymes, micropymes, autónomos y profesionales.;PYME Y PERSONAS FÍSICAS QUE DESARROLLAN ACTIVIDAD ECONÓMICA;ACTIVIDADES ADMINISTRATIVAS Y SERVICIOS AUXILIARES | ACTIVIDADES DE EDICIÓN, RADIODIFUSIÓN Y PRODUCCIÓN Y DISTRIBUCIÓN DE CONTENIDOS | ACTIVIDADES FINANCIERAS Y DE SEGUROS | ACTIVIDADES INMOBILIARIAS | ACTIVIDADES PROFESIONALES, CIENTÍFICAS Y TÉCNICAS | COMERCIO AL POR MAYOR Y AL POR MENOR | HOSTELERÍA | INDUSTRIA MANUFACTURERA | OTROS SERVICIOS;Concurrencia competitiva - canónica;263983.0;False;24/11/2023;2;beneficiario empresarial claro;2;me;
927775;726215;LOCAL;BENEIXAMA;Ayudas para minimizar el impacto económico que la crisis está suponiendo sobre pymes, micropymes, pequeños empresarios autónomos y profesionales, en el contexto de la invasión de Ucrania por parte de Rusia, anualidad 2023.;PYME Y PERSONAS FÍSICAS QUE DESARROLLAN ACTIVIDAD ECONÓMICA;ACTIVIDADES ADMINISTRATIVAS Y SERVICIOS AUXILIARES | ACTIVIDADES ARTÍSTICAS, DEPORTIVAS Y DE ENTRETENIMIENTO | Actividades de programación, radiodifusión, agencias de noticias y otras actividades de distribución de contenidos | ACTIVIDADES INMOBILIARIAS | Actividades postales y de mensajería | ACTIVIDADES PROFESIONALES, CIENTÍFICAS Y TÉCNICAS | ACTIVIDADES SANITARIAS Y DE SERVICIOS SOCIALES | ADMINISTRACIÓN PÚBLICA Y DEFENSA;;;;;;;2;me;
927584;726024;LOCAL;PENÀGUILA;CONVOCATORIA PARA LA CONCESIÓN DE AYUDAS CON DESTINO A MINIMIZAR EL IMPACTO ECONÓMICO QUE LA CRISIS ESTÁ SUPONIENDO SOBRE PYMES, MICROPYMES, PEQUEÑOS EMPRESARIOS AUTÓNOMOS Y PROFESIONALES DEL MUNICIPIO DE PENAGUILA, EN EL CONTEXTO DE LA INVASIÓN DE UCRANI;PYME Y PERSONAS FÍSICAS QUE DESARROLLAN ACTIVIDAD ECONÓMICA;ACTIVIDADES ADMINISTRATIVAS Y SERVICIOS AUXILIARES | ACTIVIDADES ARTÍSTICAS, DEPORTIVAS Y DE ENTRETENIMIENTO | ACTIVIDADES INMOBILIARIAS | ACTIVIDADES PROFESIONALES, CIENTÍFICAS Y TÉCNICAS | AGRICULTURA, GANADERÍA, SILVICULTURA Y PESCA | CONSTRUCCIÓN | HOSTELERÍA | INDUSTRIA MANUFACTURERA | OTROS SERVICIOS | SUMINISTRO DE ENERGIA ELECTRICA, GAS, VAPOR Y AIRE ACONDICIONADO | TELECOMUNICACIONES, PROGRAMACIÓN INFORMÁTICA, CONSULTORÍA, INFRAESTRUCTURA INFORMÁTICA Y OTROS SERVICIOS DE INFORMACIÓN | TRANSPORTE Y ALMACENAMIENTO;Concesión directa - canónica;15130.0;False;;2;beneficiario empresarial claro;2;me;
927206;725646;LOCAL;SANT JOAN D'ALACANT;APROBACION DE CONVOCATORIA Y BASES REGULADORAS PARA LA CONCESIÓN DE AYUDAS A PYMES, MICROPYMES, PEQUEÑOS EMPRESARIOS AUTÓNOMOS Y PROFESIONALES DEL MUNICIPIO DE SANT JOAN D’ALACANT EN EL CONTEXTO DE LA INVASIÓN DE UCRANIA POR PARTE DE RUSIA, ANUALIDAD 2023;PYME Y PERSONAS FÍSICAS QUE DESARROLLAN ACTIVIDAD ECONÓMICA;ACTIVIDADES DE EDICIÓN, RADIODIFUSIÓN Y PRODUCCIÓN Y DISTRIBUCIÓN DE CONTENIDOS | COMERCIO AL POR MAYOR Y AL POR MENOR | HOSTELERÍA | OTROS SERVICIOS | SUMINISTRO DE ENERGIA ELECTRICA, GAS, VAPOR Y AIRE ACONDICIONADO;Concurrencia competitiva - canónica;286219.0;False;;2;beneficiario empresarial claro;2;me;
927197;725637;LOCAL;MONFORTE DEL CID;CONVOCATORIA PARA LA CONCESIÓN DE SUBVENCIONES PARA MINIMIZAR EL IMPACTO ECONÓMICO QUE LA CRISIS ESTÁ SUPONIENDO SOBRE PYMES, MICROPYMES, PEQUEÑOS EMPRESARIOS AUTÓNOMOS Y PROFESIONALES DE MONFORTE DEL CID A CAUSA DE LA INVASIÓN DE UCRANIA POR RUSIA.;PYME Y PERSONAS FÍSICAS QUE DESARROLLAN ACTIVIDAD ECONÓMICA;ACTIVIDADES ADMINISTRATIVAS Y SERVICIOS AUXILIARES | ACTIVIDADES ARTÍSTICAS, DEPORTIVAS Y DE ENTRETENIMIENTO | ACTIVIDADES DE EDICIÓN, RADIODIFUSIÓN Y PRODUCCIÓN Y DISTRIBUCIÓN DE CONTENIDOS | ACTIVIDADES DE LOS HOGARES COMO EMPLEADORES Y COMO PRODUCTORES DE BIENES Y SERVICIOS NO DIFERENCIADOS PARA USO PROPIO | ACTIVIDADES FINANCIERAS Y DE SEGUROS | ACTIVIDADES INMOBILIARIAS | ACTIVIDADES PROFESIONALES, CIENTÍFICAS Y TÉCNICAS | ACTIVIDADES SANITARIAS Y DE SERVICIOS SOCIALES | ADMINISTRACIÓN PÚBLICA Y DEFENSA;;;;;;;2;me;
926886;725326;LOCAL;ORBA;CONVOCATORIA Y BASES AYUDAS CON DESTINO A MINIMIZAR EL IMPACTO ECONÒMICO QUE LA CRISIS ESTÁ SUPONIENDO SOBRE PYMES, MICROPYMES, PEQUEÑOS EMPRESARIOS AUTÓNOMOS Y PROFESIONALES DEL MUNICIPIO DE ORBA, CONTEXTO INVASIÓN DE UCRANIA POR PARTE DE RUSIA;PYME Y PERSONAS FÍSICAS QUE DESARROLLAN ACTIVIDAD ECONÓMICA;ACTIVIDADES ADMINISTRATIVAS Y SERVICIOS AUXILIARES | ACTIVIDADES ARTÍSTICAS, DEPORTIVAS Y DE ENTRETENIMIENTO | ACTIVIDADES DE EDICIÓN, RADIODIFUSIÓN Y PRODUCCIÓN Y DISTRIBUCIÓN DE CONTENIDOS | ACTIVIDADES INMOBILIARIAS | COMERCIO AL POR MAYOR Y AL POR MENOR | CONSTRUCCIÓN | HOSTELERÍA | OTROS SERVICIOS | TRANSPORTE Y ALMACENAMIENTO;Concurrencia competitiva - canónica;57626.0;False;;2;beneficiario empresarial claro;2;me;
926835;725275;LOCAL;BANYERES DE MARIOLA;Convocatoria y bases reguladores para la concesión de subvenciones a Ayuntamientos con destino a minimizar el impacto económico que la crisis está suponiendo sobre pymes, micropymes, autónomos y profesionales de Banyeres de Mariola;PYME Y PERSONAS FÍSICAS QUE DESARROLLAN ACTIVIDAD ECONÓMICA;ACTIVIDADES ADMINISTRATIVAS Y SERVICIOS AUXILIARES | ACTIVIDADES ARTÍSTICAS, DEPORTIVAS Y DE ENTRETENIMIENTO | ACTIVIDADES DE EDICIÓN, RADIODIFUSIÓN Y PRODUCCIÓN Y DISTRIBUCIÓN DE CONTENIDOS | ACTIVIDADES DE LOS HOGARES COMO EMPLEADORES Y COMO PRODUCTORES DE BIENES Y SERVICIOS NO DIFERENCIADOS PARA USO PROPIO | ACTIVIDADES FINANCIERAS Y DE SEGUROS | ACTIVIDADES INMOBILIARIAS | ACTIVIDADES PROFESIONALES, CIENTÍFICAS Y TÉCNICAS | ACTIVIDADES SANITARIAS Y DE SERVICIOS SOCIALES | ADMINISTRACIÓN PÚBLICA Y DEFENSA;;;;;;;2;me;
1122332;920771;LOCAL;BENIDORM;BASES AYUDAS PARA NUEVOS AUTÓNOMOS Y EMPRESAS EN EL MUNICIPIO DE BENIDORM 2026;PYME Y PERSONAS FÍSICAS QUE DESARROLLAN ACTIVIDAD ECONÓMICA;ACTIVIDADES ADMINISTRATIVAS Y SERVICIOS AUXILIARES | ACTIVIDADES ARTÍSTICAS, DEPORTIVAS Y DE ENTRETENIMIENTO | ACTIVIDADES FINANCIERAS Y DE SEGUROS | ACTIVIDADES INMOBILIARIAS | ACTIVIDADES PROFESIONALES, CIENTÍFICAS Y TÉCNICAS | ACTIVIDADES SANITARIAS Y DE SERVICIOS SOCIALES | AGRICULTURA, GANADERÍA, SILVICULTURA Y PESCA | COMERCIO AL POR MAYOR Y AL POR MENOR | CONSTRUCCIÓN | EDUCACIÓN | HOSTELERÍA | INDUSTRIA MANUFACTURERA | TELECOMUNICACIONES, PROGRAMACIÓN INFORMÁTICA, CONSULTORÍA, INFRAESTRUCTURA INFORMÁTICA Y OTROS SERVICIOS DE INFORMACIÓN | TRANSPORTE Y ALMACENAMIENTO;Concesión directa - canónica;78000.0;False;31/12/2026;2;beneficiario empresarial claro;2;me;
1117199;915638;LOCAL;BENITACHELL/POBLE NOU DE BENITATXELL, EL;BASES AYUDAS PARA AUTONOMOS Y EMPRESAS AFECTADOS POR LAS OBRAS REALIZADAS EN LAS CALLES MAYOR Y PAU.;PYME Y PERSONAS FÍSICAS QUE DESARROLLAN ACTIVIDAD ECONÓMICA;COMERCIO AL POR MAYOR Y AL POR MENOR;Concurrencia competitiva - canónica;30000.0;False;;2;beneficiario empresarial claro;2;me;
1117028;915467;LOCAL;DIPUTACIÓN PROV. DE ALICANTE;Subvención a Subvención a la Asociación de Trabajadores Autónomos de la Comunidad Valenciana (ATA) para la realización de un proyecto para el fomento y mejora del autoempleo en la provincia de Alicante;PERSONAS JURÍDICAS QUE NO DESARROLLAN ACTIVIDAD ECONÓMICA;OTROS SERVICIOS;Concesión directa - instrumental;27000.0;False;;0;beneficiario no empresarial (asociación/ayuntamiento/parroquia/club/...);1;me;
1113463;911902;LOCAL;POBLA DE VALLBONA, LA;Convocatoria de las ayudas económicas destinadas a apoyar a los nuevos  autónomos, año 2026;PYME Y PERSONAS FÍSICAS QUE DESARROLLAN ACTIVIDAD ECONÓMICA;Otras actividades de apoyo a las empresas n.c.o.p.;Concurrencia competitiva - canónica;15000.0;False;;2;beneficiario empresarial claro;2;me;
1089650;888089;LOCAL;TORREVIEJA;Bases y Convocatoria de subvenciones a pequeñas empresas, microempresas, pequeños empresarios autónomos del Mercado Municipal de Abastos con destino a minimizar el impacto económico producido por la obra de reforma y remodelación;PYME Y PERSONAS FÍSICAS QUE DESARROLLAN ACTIVIDAD ECONÓMICA;ACTIVIDADES DE EDICIÓN, RADIODIFUSIÓN Y PRODUCCIÓN Y DISTRIBUCIÓN DE CONTENIDOS | COMERCIO AL POR MAYOR Y AL POR MENOR | OTROS SERVICIOS;Concurrencia competitiva - canónica;150000.0;False;06/03/2026;2;beneficiario empresarial claro;2;me;
1061134;859573;LOCAL;SEDAVÍ;Ayudas a nuevos autónomos y autónomas 2025;PYME Y PERSONAS FÍSICAS QUE DESARROLLAN ACTIVIDAD ECONÓMICA;ACTIVIDADES DE EDICIÓN, RADIODIFUSIÓN Y PRODUCCIÓN Y DISTRIBUCIÓN DE CONTENIDOS | COMERCIO AL POR MAYOR Y AL POR MENOR | HOSTELERÍA | OTROS SERVICIOS;Concurrencia competitiva - canónica;10000.0;False;;2;beneficiario empresarial claro;2;me;
1058151;856590;LOCAL;ALCALÀ DE XIVERT;BASES REGULADORAS DE LA CONVOCATORIA PARA EL OTORGAMIENTO DE SUBVENCIONES PARA LA DIGITALIZACIÓN DE LAS ACTIVIDADES ECONOMICAS DESARROLLADAS EN ALCALÀ DE XIVERT POR AUTONOMOS O MICROEMPRESAS;PYME Y PERSONAS FÍSICAS QUE DESARROLLAN ACTIVIDAD ECONÓMICA;ACTIVIDADES ADMINISTRATIVAS Y SERVICIOS AUXILIARES | ACTIVIDADES ARTÍSTICAS, DEPORTIVAS Y DE ENTRETENIMIENTO | Actividades de programación, radiodifusión, agencias de noticias y otras actividades de distribución de contenidos | ACTIVIDADES FINANCIERAS Y DE SEGUROS | ACTIVIDADES INMOBILIARIAS | ACTIVIDADES PROFESIONALES, CIENTÍFICAS Y TÉCNICAS | ACTIVIDADES SANITARIAS Y DE SERVICIOS SOCIALES | AGRICULTURA, GANADERÍA, SILVICULTURA Y PESCA | Comercio al por mayor | Comercio al por menor | CONSTRUCCIÓN | EDUCACIÓN | HOSTELERÍA | INDUSTRIA MANUFACTURERA | Reparación y mantenimiento de ordenadores, artículos personales y enseres domésticos y vehículos de motor y motocicletas | TELECOMUNICACIONES, PROGRAMACIÓN INFORMÁTICA, CONSULTORÍA, INFRAESTRUCTURA INFORMÁTICA Y OTROS SERVICIOS DE INFORMACIÓN | TRANSPORTE Y ALMACENAMIENTO;Concesión directa - canónica;10000.0;False;;2;beneficiario empresarial claro;2;me;
1056919;855358;LOCAL;DIPUTACIÓN PROV. DE ALICANTE;Subvención Asociación de Trabajadores Autónomos de la Comunidad Valenciana (ATA) para proyecto de fomento y mejora del autoempleo en la Provincia de Alicante.;PERSONAS JURÍDICAS QUE NO DESARROLLAN ACTIVIDAD ECONÓMICA;OTROS SERVICIOS | TRANSPORTE Y ALMACENAMIENTO;Concesión directa - canónica;27000.0;False;;0;beneficiario no empresarial (asociación/ayuntamiento/parroquia/club/...);1;me;
1033558;831997;LOCAL;DIPUTACIÓN PROV. DE ALICANTE;Subvención a la Asociación de Trabajadores Autonómos de la Comunidad Valenciana (ATA) para proyecto de fomento y mejora del autoempleo en la provincia de Alicante.;PERSONAS JURÍDICAS QUE NO DESARROLLAN ACTIVIDAD ECONÓMICA;OTROS SERVICIOS | TRANSPORTE Y ALMACENAMIENTO;Concesión directa - instrumental;27000.0;False;;0;beneficiario no empresarial (asociación/ayuntamiento/parroquia/club/...);1;me;
1026027;824466;LOCAL;BENIDORM;BASES AYUDAS PARA NUEVOS AUTÓNOMOS Y EMPRESAS EN EL MUNICIPIO DE BENIDORM 2025;PYME Y PERSONAS FÍSICAS QUE DESARROLLAN ACTIVIDAD ECONÓMICA;ACTIVIDADES ADMINISTRATIVAS Y SERVICIOS AUXILIARES | ACTIVIDADES ARTÍSTICAS, DEPORTIVAS Y DE ENTRETENIMIENTO | ACTIVIDADES DE EDICIÓN, RADIODIFUSIÓN Y PRODUCCIÓN Y DISTRIBUCIÓN DE CONTENIDOS | ACTIVIDADES FINANCIERAS Y DE SEGUROS | ACTIVIDADES INMOBILIARIAS | ACTIVIDADES PROFESIONALES, CIENTÍFICAS Y TÉCNICAS | ACTIVIDADES SANITARIAS Y DE SERVICIOS SOCIALES | ADMINISTRACIÓN PÚBLICA Y DEFENSA;;;;;;;2;me;
1002187;800627;LOCAL;CORTES DE PALLÁS;Subvención autónomos;PYME Y PERSONAS FÍSICAS QUE DESARROLLAN ACTIVIDAD ECONÓMICA;ACTIVIDADES DE EDICIÓN, RADIODIFUSIÓN Y PRODUCCIÓN Y DISTRIBUCIÓN DE CONTENIDOS | COMERCIO AL POR MAYOR Y AL POR MENOR | HOSTELERÍA | OTROS SERVICIOS;Concurrencia competitiva - canónica;60000.0;False;;2;beneficiario empresarial claro;2;me;
989183;787623;LOCAL;ALCALÀ DE XIVERT;BASES REGULADORAS DE LA CONVOCATORIA PARA EL OTORGAMIENTO DE SUBVENCIONES PARA LA DIGITALIZACIÓN DE LAS ACTIVIDADES ECONOMICAS DESARROLLADAS EN ALCALÀ DE XIVERT POR AUTONOMOS O MICROEMPRESAS;PYME Y PERSONAS FÍSICAS QUE DESARROLLAN ACTIVIDAD ECONÓMICA;ACTIVIDADES ADMINISTRATIVAS Y SERVICIOS AUXILIARES | ACTIVIDADES ARTÍSTICAS, DEPORTIVAS Y DE ENTRETENIMIENTO | Actividades de programación, radiodifusión, agencias de noticias y otras actividades de distribución de contenidos | ACTIVIDADES FINANCIERAS Y DE SEGUROS | ACTIVIDADES INMOBILIARIAS | ACTIVIDADES SANITARIAS Y DE SERVICIOS SOCIALES | AGRICULTURA, GANADERÍA, SILVICULTURA Y PESCA | Comercio al por menor | CONSTRUCCIÓN | EDUCACIÓN | HOSTELERÍA | INDUSTRIA MANUFACTURERA | OTROS SERVICIOS | TELECOMUNICACIONES, PROGRAMACIÓN INFORMÁTICA, CONSULTORÍA, INFRAESTRUCTURA INFORMÁTICA Y OTROS SERVICIOS DE INFORMACIÓN | TRANSPORTE Y ALMACENAMIENTO;Concesión directa - canónica;10000.0;False;;2;beneficiario empresarial claro;2;me;
988863;787303;LOCAL;SEDAVÍ;Ayudas a nuevos/as autónomos/as - 2024;PYME Y PERSONAS FÍSICAS QUE DESARROLLAN ACTIVIDAD ECONÓMICA;ACTIVIDADES DE EDICIÓN, RADIODIFUSIÓN Y PRODUCCIÓN Y DISTRIBUCIÓN DE CONTENIDOS | COMERCIO AL POR MAYOR Y AL POR MENOR | HOSTELERÍA | OTROS SERVICIOS | TRANSPORTE Y ALMACENAMIENTO;Concurrencia competitiva - canónica;10000.0;False;;2;beneficiario empresarial claro;2;me;
985030;783470;LOCAL;BENIDORM;AYUDAS PARA NUEVOS AUTÓNOMOS Y EMPRESAS EN EL MUNICIPIO DE BENIDORM 2024;PYME Y PERSONAS FÍSICAS QUE DESARROLLAN ACTIVIDAD ECONÓMICA;ACTIVIDADES ADMINISTRATIVAS Y SERVICIOS AUXILIARES | ACTIVIDADES ARTÍSTICAS, DEPORTIVAS Y DE ENTRETENIMIENTO | ACTIVIDADES DE EDICIÓN, RADIODIFUSIÓN Y PRODUCCIÓN Y DISTRIBUCIÓN DE CONTENIDOS | ACTIVIDADES INMOBILIARIAS | ACTIVIDADES PROFESIONALES, CIENTÍFICAS Y TÉCNICAS | COMERCIO AL POR MAYOR Y AL POR MENOR | CONSTRUCCIÓN | EDUCACIÓN | HOSTELERÍA | INDUSTRIA MANUFACTURERA | OTROS SERVICIOS | SUMINISTRO DE ENERGIA ELECTRICA, GAS, VAPOR Y AIRE ACONDICIONADO | TELECOMUNICACIONES, PROGRAMACIÓN INFORMÁTICA, CONSULTORÍA, INFRAESTRUCTURA INFORMÁTICA Y OTROS SERVICIOS DE INFORMACIÓN | TRANSPORTE Y ALMACENAMIENTO;Concesión directa - canónica;78500.0;False;31/12/2024;2;beneficiario empresarial claro;2;me;
951840;750280;LOCAL;DIPUTACIÓN PROV. DE VALENCIA;Convocatoria Subvención ATA - Asociación de Trabajadores Autónomos de la Comunitat Valenciana;PERSONAS JURÍDICAS QUE NO DESARROLLAN ACTIVIDAD ECONÓMICA;OTROS SERVICIOS | TRANSPORTE Y ALMACENAMIENTO;Concesión directa - instrumental;50000.0;False;05/07/2024;0;beneficiario no empresarial (asociación/ayuntamiento/parroquia/club/...);1;me;
946539;744979;LOCAL;DIPUTACIÓN PROV. DE ALICANTE;Subvenciones a ayuntamientos, organismos autónomos dependientes y EE.LL.MM. provincia de Alicante, para actuaciones comprendidas dentro del ámbito del departamento de desarrollo económico y sectores productivos. Anualidad 2024;PERSONAS JURÍDICAS QUE NO DESARROLLAN ACTIVIDAD ECONÓMICA;OTROS SERVICIOS | TRANSPORTE Y ALMACENAMIENTO;Concurrencia competitiva - canónica;2285000.0;False;;0;beneficiario no empresarial (asociación/ayuntamiento/parroquia/club/...);0;me;
940165;738605;LOCAL;SEDAVÍ;Ayudas a comercios, autónomos y microempresas, 2023.;PYME Y PERSONAS FÍSICAS QUE DESARROLLAN ACTIVIDAD ECONÓMICA;ACTIVIDADES DE EDICIÓN, RADIODIFUSIÓN Y PRODUCCIÓN Y DISTRIBUCIÓN DE CONTENIDOS | COMERCIO AL POR MAYOR Y AL POR MENOR | HOSTELERÍA | OTROS SERVICIOS | TRANSPORTE Y ALMACENAMIENTO;Concurrencia competitiva - canónica;25000.0;False;;2;beneficiario empresarial claro;2;me;
939864;738304;LOCAL;SEDAVÍ;Ayudas a nuevos autónomos/as 2023;PYME Y PERSONAS FÍSICAS QUE DESARROLLAN ACTIVIDAD ECONÓMICA;ACTIVIDADES DE EDICIÓN, RADIODIFUSIÓN Y PRODUCCIÓN Y DISTRIBUCIÓN DE CONTENIDOS | COMERCIO AL POR MAYOR Y AL POR MENOR | HOSTELERÍA | OTROS SERVICIOS | TRANSPORTE Y ALMACENAMIENTO;Concurrencia competitiva - canónica;10000.0;False;;2;beneficiario empresarial claro;2;me;
937607;736047;LOCAL;DIPUTACIÓN PROV. DE VALENCIA;CONVOCATORIA SUBV A UNIÓ DE PROFESSIONALS I TREBALLADORS AUTONOMOS DEL PV UPTA DESTINADA AL FOMENTO Y LA PROMOCIÓN DEL TRABAJO AUTÓNOMO Y LA CULTURA EMPRENDEDORA;PERSONAS JURÍDICAS QUE NO DESARROLLAN ACTIVIDAD ECONÓMICA;OTROS SERVICIOS | TRANSPORTE Y ALMACENAMIENTO;Concesión directa - instrumental;30000.0;False;27/07/2023;0;beneficiario no empresarial (asociación/ayuntamiento/parroquia/club/...);0;me;
937582;736022;LOCAL;DIPUTACIÓN PROV. DE VALENCIA;CONVOCATORIA SUBVENCIÓN A LA ASOCIACIÓN PROFESIONAL DE TRABAJADORES AUTÓNOMOS Y EMPRENDEDORES UATAE COMUNIDAD VALENCIANA DESTINADA AL FOMENTO Y PROMOCIÓN DEL TRABAJO AUTÓNOMO Y LA CULTURA EMPRENDEDORA;PERSONAS JURÍDICAS QUE NO DESARROLLAN ACTIVIDAD ECONÓMICA;OTROS SERVICIOS | TRANSPORTE Y ALMACENAMIENTO;Concesión directa - instrumental;30000.0;False;14/07/2023;0;beneficiario no empresarial (asociación/ayuntamiento/parroquia/club/...);1;me;
933433;731873;LOCAL;DIPUTACIÓN PROV. DE ALICANTE;Expediente de subvención nominativa - a la Asociación de Trabajadores Autónomos Comunidad Valenciana (ATA) para proyecto de difusión de autoempleo en centros educativos y de formación profesional;PERSONAS JURÍDICAS QUE NO DESARROLLAN ACTIVIDAD ECONÓMICA;OTROS SERVICIOS | TRANSPORTE Y ALMACENAMIENTO;Concesión directa - instrumental;12000.0;False;;0;beneficiario no empresarial (asociación/ayuntamiento/parroquia/club/...);1;me;
933431;731871;LOCAL;DIPUTACIÓN PROV. DE ALICANTE;Expediente de subvención nominativa - a la Asociación de Trabajadores Autónomos de la Comunitat Valenciana (ATA) para proyecto de fomento y mejora del autoempleo en la provincia de Alicante;PERSONAS JURÍDICAS QUE NO DESARROLLAN ACTIVIDAD ECONÓMICA;OTROS SERVICIOS | TRANSPORTE Y ALMACENAMIENTO;Concesión directa - instrumental;15000.0;False;;0;beneficiario no empresarial (asociación/ayuntamiento/parroquia/club/...);1;me;
1108702;907141;LOCAL;TORREVIEJA;"BASES ESPECÍFICAS CONCURSO ""PREMIOS JÓVENES EMPRENDEDORES, EDICIÓN XVII"" ANUALIDAD 2026";PYME Y PERSONAS FÍSICAS QUE DESARROLLAN ACTIVIDAD ECONÓMICA;OTROS SERVICIOS;Concurrencia competitiva - canónica;12000.0;False;08/09/2026;0;premio/certamen/concurso, no es ayuda económica a la actividad empresarial;0;me;
1102186;900625;LOCAL;BENIDORM;Subvenciones dirigidas a Asociaciones formadas por empresas y/o emprendedores, destinadas al pago de los gastos del personal propio con funciones administrativas de la asociación, anualidad 2026;PERSONAS JURÍDICAS QUE NO DESARROLLAN ACTIVIDAD ECONÓMICA;HOSTELERÍA | OTROS SERVICIOS;Concesión directa - canónica;56000.0;False;31/10/2026;0;beneficiario no empresarial (asociación/ayuntamiento/parroquia/club/...);0;me;
1092264;890703;LOCAL;CANET D'EN BERENGUER;BASES REGULADORAS DE LAS AYUDAS MUNICIPALES A EMPRENDEDORES 2026.;PYME Y PERSONAS FÍSICAS QUE DESARROLLAN ACTIVIDAD ECONÓMICA;ACTIVIDADES ADMINISTRATIVAS Y SERVICIOS AUXILIARES | ACTIVIDADES ARTÍSTICAS, DEPORTIVAS Y DE ENTRETENIMIENTO | ACTIVIDADES DE EDICIÓN, RADIODIFUSIÓN Y PRODUCCIÓN Y DISTRIBUCIÓN DE CONTENIDOS | ACTIVIDADES FINANCIERAS Y DE SEGUROS | ACTIVIDADES INMOBILIARIAS | ACTIVIDADES PROFESIONALES, CIENTÍFICAS Y TÉCNICAS | ACTIVIDADES SANITARIAS Y DE SERVICIOS SOCIALES | ADMINISTRACIÓN PÚBLICA Y DEFENSA;;;;;;;2;me;
1089562;888001;OTROS;UNIVERSITAT DE VALÈNCIA (ESTUDI GENERAL);I Concurso GH-Impulsa proyectos emprendedores de la F. de Geografia e Historia. Curso 2025-26;PERSONAS FÍSICAS QUE NO DESARROLLAN ACTIVIDAD ECONÓMICA;Educación secundaria y educación postsecundaria no terciaria | Educación terciaria;Concurrencia competitiva - canónica;1500.0;False;;0;premio/certamen/concurso, no es ayuda económica a la actividad empresarial;0;me;
1053161;851600;LOCAL;ASPE;Acuerdo de la Junta de Gobierno Local de 29 de julio de 2025, por el que se aprueba las Bases Reguladoras de las Subvenciones de Fomento de Empleo dirigido a Emprendedores. Anualidad 2025.;GRAN EMPRESA | PYME Y PERSONAS FÍSICAS QUE DESARROLLAN ACTIVIDAD ECONÓMICA;ACTIVIDADES ADMINISTRATIVAS Y SERVICIOS AUXILIARES | ACTIVIDADES ARTÍSTICAS, DEPORTIVAS Y DE ENTRETENIMIENTO | ACTIVIDADES DE EDICIÓN, RADIODIFUSIÓN Y PRODUCCIÓN Y DISTRIBUCIÓN DE CONTENIDOS | ACTIVIDADES INMOBILIARIAS | AGRICULTURA, GANADERÍA, SILVICULTURA Y PESCA | COMERCIO AL POR MAYOR Y AL POR MENOR | CONSTRUCCIÓN | HOSTELERÍA | INDUSTRIA MANUFACTURERA | INDUSTRIAS EXTRACTIVAS | OTROS SERVICIOS;Concurrencia competitiva - canónica;65000.0;False;30/09/2025;2;beneficiario empresarial claro;2;me;
1050931;849370;LOCAL;TORREVIEJA;"CONVOCATORIA CONCURSO-PREMIO ""JOVENES EMPRENDEDORES 2025"" EDICIÓN XVI";PYME Y PERSONAS FÍSICAS QUE DESARROLLAN ACTIVIDAD ECONÓMICA;ACTIVIDADES ADMINISTRATIVAS Y SERVICIOS AUXILIARES | ACTIVIDADES PROFESIONALES, CIENTÍFICAS Y TÉCNICAS | INDUSTRIA MANUFACTURERA;Concurrencia competitiva - canónica;12000.0;False;08/09/2025;0;premio/certamen/concurso, no es ayuda económica a la actividad empresarial;0;me;
1048335;846774;LOCAL;MUTXAMEL;BASES Y CONVOCATORIA DE AYUDAS A EMPRENDEDORES/AS POR LA CREACIÓN DE NUEVAS ACTIVIDADES EN LA LOCALIDAD DE MUTXAMEL. Anualidad 2025.;PYME Y PERSONAS FÍSICAS QUE DESARROLLAN ACTIVIDAD ECONÓMICA;ACTIVIDADES ADMINISTRATIVAS Y SERVICIOS AUXILIARES | ACTIVIDADES ARTÍSTICAS, DEPORTIVAS Y DE ENTRETENIMIENTO | ACTIVIDADES DE EDICIÓN, RADIODIFUSIÓN Y PRODUCCIÓN Y DISTRIBUCIÓN DE CONTENIDOS | ACTIVIDADES DE LOS HOGARES COMO EMPLEADORES Y COMO PRODUCTORES DE BIENES Y SERVICIOS NO DIFERENCIADOS PARA USO PROPIO | ACTIVIDADES FINANCIERAS Y DE SEGUROS | ACTIVIDADES INMOBILIARIAS | ACTIVIDADES PROFESIONALES, CIENTÍFICAS Y TÉCNICAS | ACTIVIDADES SANITARIAS Y DE SERVICIOS SOCIALES | ADMINISTRACIÓN PÚBLICA Y DEFENSA;;;;;;;2;me;
1040676;839115;LOCAL;CREVILLENT;CONVOCATORIA Y BASES REGULADORAS DE LA SUBVENCIÓN MUNICIPAL DE AYUDAS A EMPRENDEDORES DE ACTIVIDADES ECONÓMICAS EN CREVILLENT EJERCICIO 2025, PARA FOMENTO DEL EMPLEO LOCAL.;PYME Y PERSONAS FÍSICAS QUE DESARROLLAN ACTIVIDAD ECONÓMICA;ACTIVIDADES ADMINISTRATIVAS Y SERVICIOS AUXILIARES | ACTIVIDADES ARTÍSTICAS, DEPORTIVAS Y DE ENTRETENIMIENTO | ACTIVIDADES DE EDICIÓN, RADIODIFUSIÓN Y PRODUCCIÓN Y DISTRIBUCIÓN DE CONTENIDOS | ACTIVIDADES INMOBILIARIAS | ACTIVIDADES PROFESIONALES, CIENTÍFICAS Y TÉCNICAS | COMERCIO AL POR MAYOR Y AL POR MENOR | CONSTRUCCIÓN | HOSTELERÍA | INDUSTRIA MANUFACTURERA | INDUSTRIAS EXTRACTIVAS | OTROS SERVICIOS | TRANSPORTE Y ALMACENAMIENTO;Concurrencia competitiva - canónica;47428.78;False;;2;beneficiario empresarial claro;2;me;
1036326;834765;LOCAL;VALENCIA;CONVOCATORIA PREMIOS EMPRENDEDORES POR LA RIADA;PYME Y PERSONAS FÍSICAS QUE DESARROLLAN ACTIVIDAD ECONÓMICA;OTROS SERVICIOS | TRANSPORTE Y ALMACENAMIENTO;Concurrencia competitiva - canónica;21000.0;False;10/09/2025;0;premio/certamen/concurso, no es ayuda económica a la actividad empresarial;0;me;
1035465;833904;LOCAL;BENIDORM;Convocatoria de subvenciones dirigidas a Asociaciones formadas por empresas y/o emprendedores, destinadas al pago de los gastos del personal propio con funciones administrativas de la asociación, anualidad 2025;PERSONAS JURÍDICAS QUE NO DESARROLLAN ACTIVIDAD ECONÓMICA;HOSTELERÍA | OTROS SERVICIOS | TRANSPORTE Y ALMACENAMIENTO;Concesión directa - canónica;56000.0;False;31/10/2025;0;beneficiario no empresarial (asociación/ayuntamiento/parroquia/club/...);0;me;
1021432;819872;LOCAL;CANET D'EN BERENGUER;BASES REGULADORAS DE LAS AYUDAS MUNICIPALES A EMPRENDEDORES;;;;;;;;;0;me;
"2025""";PYME Y PERSONAS FÍSICAS QUE DESARROLLAN ACTIVIDAD ECONÓMICA;ACTIVIDADES ADMINISTRATIVAS Y SERVICIOS AUXILIARES | ACTIVIDADES ARTÍSTICAS, DEPORTIVAS Y DE ENTRETENIMIENTO | ACTIVIDADES DE EDICIÓN, RADIODIFUSIÓN Y PRODUCCIÓN Y DISTRIBUCIÓN DE CONTENIDOS | ACTIVIDADES DE LOS HOGARES COMO EMPLEADORES Y COMO PRODUCTORES DE BIENES Y SERVICIOS NO DIFERENCIADOS PARA USO PROPIO | ACTIVIDADES FINANCIERAS Y DE SEGUROS | ACTIVIDADES INMOBILIARIAS | ACTIVIDADES PROFESIONALES, CIENTÍFICAS Y TÉCNICAS | ACTIVIDADES SANITARIAS Y DE SERVICIOS SOCIALES | ADMINISTRACIÓN PÚBLICA Y DEFENSA;;;;;;;;;;;0;me;
989266;787706;LOCAL;ALBAL;Extracto de la Resolución 2024/1990 de 19 de septiembre de 2024 del Ayuntamiento de Albal, por la que se convoca la concesión de premios a emprendedores sostenibles.;PERSONAS JURÍDICAS QUE NO DESARROLLAN ACTIVIDAD ECONÓMICA;Artes gráficas y reproducción de soportes grabados | Otras actividades profesionales, científicas y técnicas | Servicios de investigación y seguridad;Concurrencia competitiva - canónica;5000.0;False;15/11/2024;0;premio/certamen/concurso, no es ayuda económica a la actividad empresarial;0;me;
981243;779683;LOCAL;ASPE;SUBVENCIÓN DE FOMENTO DE EMPLEO DIRIGIDO A EMPRENDEDORES;PERSONAS FÍSICAS QUE NO DESARROLLAN ACTIVIDAD ECONÓMICA | PERSONAS JURÍDICAS QUE NO DESARROLLAN ACTIVIDAD ECONÓMICA | PYME Y PERSONAS FÍSICAS QUE DESARROLLAN ACTIVIDAD ECONÓMICA;Actividades relacionadas con el empleo;Concurrencia competitiva - canónica;57711.19;False;30/09/2024;0;beneficiario no empresarial (asociación/ayuntamiento/parroquia/club/...);2;me;
976742;775182;LOCAL;BENIDORM;Subvenciones dirigidas a Asociaciones formadas por empresas y/o emprendedores, destinadas al pago de los gastos del personal propio con funciones administrativas de la Asociación, anualidad 2024;PERSONAS JURÍDICAS QUE NO DESARROLLAN ACTIVIDAD ECONÓMICA;ACTIVIDADES ADMINISTRATIVAS Y SERVICIOS AUXILIARES | ACTIVIDADES ARTÍSTICAS, DEPORTIVAS Y DE ENTRETENIMIENTO | ACTIVIDADES INMOBILIARIAS | ACTIVIDADES SANITARIAS Y DE SERVICIOS SOCIALES | COMERCIO AL POR MAYOR Y AL POR MENOR | CONSTRUCCIÓN | EDUCACIÓN | HOSTELERÍA | INDUSTRIA MANUFACTURERA | OTROS SERVICIOS | SUMINISTRO DE ENERGIA ELECTRICA, GAS, VAPOR Y AIRE ACONDICIONADO | TELECOMUNICACIONES, PROGRAMACIÓN INFORMÁTICA, CONSULTORÍA, INFRAESTRUCTURA INFORMÁTICA Y OTROS SERVICIOS DE INFORMACIÓN | TRANSPORTE Y ALMACENAMIENTO;Concesión directa - canónica;56000.0;False;;0;beneficiario no empresarial (asociación/ayuntamiento/parroquia/club/...);0;me;
975753;774193;LOCAL;TORREVIEJA;EXTRACTO DE DECRETO DEL CONCEJAL DE ECONOMÍA Y HACIENDA, DE FECHA 10 DE JULIO DE 2024, POR EL QUE SE APRUEBA LA CONVOCATORIA DEL CONCURSO-PREMIO “JÓVENES EMPRENDEDORES 2024”, EDICIÓN XV, DEL AYUNTAMIENTO DE TORREVIEJA, ASÍ COMO LAS BASES ESPECÍFICAS;PYME Y PERSONAS FÍSICAS QUE DESARROLLAN ACTIVIDAD ECONÓMICA;ACTIVIDADES ADMINISTRATIVAS Y SERVICIOS AUXILIARES | ACTIVIDADES ARTÍSTICAS, DEPORTIVAS Y DE ENTRETENIMIENTO | ACTIVIDADES DE EDICIÓN, RADIODIFUSIÓN Y PRODUCCIÓN Y DISTRIBUCIÓN DE CONTENIDOS | ACTIVIDADES FINANCIERAS Y DE SEGUROS | ACTIVIDADES INMOBILIARIAS | ACTIVIDADES PROFESIONALES, CIENTÍFICAS Y TÉCNICAS | ACTIVIDADES SANITARIAS Y DE SERVICIOS SOCIALES | ADMINISTRACIÓN PÚBLICA Y DEFENSA;;;;;;;0;me;
975176;773616;LOCAL;CREVILLENT;CONVOCATORIA Y BASES REGULADORAS DE LA SUBVENCIÓN MUNICIPAL DE AYUDAS A EMPRENDEDORES DE ACTIVIDADES ECONÓMICAS EN CREVILLENT, EJERCICIO 2024, PARA FOMENTO DEL EMPLEO LOCAL;PYME Y PERSONAS FÍSICAS QUE DESARROLLAN ACTIVIDAD ECONÓMICA;ACTIVIDADES ADMINISTRATIVAS Y SERVICIOS AUXILIARES | ACTIVIDADES DE EDICIÓN, RADIODIFUSIÓN Y PRODUCCIÓN Y DISTRIBUCIÓN DE CONTENIDOS | ACTIVIDADES FINANCIERAS Y DE SEGUROS | ACTIVIDADES INMOBILIARIAS | ACTIVIDADES PROFESIONALES, CIENTÍFICAS Y TÉCNICAS | COMERCIO AL POR MAYOR Y AL POR MENOR | HOSTELERÍA | INDUSTRIA MANUFACTURERA | OTROS SERVICIOS | SUMINISTRO DE AGUA, ACTIVIDADES DE SANEAMIENTO, GESTIÓN DE RESIDUOS Y DESCONTAMINACIÓN | SUMINISTRO DE ENERGIA ELECTRICA, GAS, VAPOR Y AIRE ACONDICIONADO | TELECOMUNICACIONES, PROGRAMACIÓN INFORMÁTICA, CONSULTORÍA, INFRAESTRUCTURA INFORMÁTICA Y OTROS SERVICIOS DE INFORMACIÓN | TRANSPORTE Y ALMACENAMIENTO;Concurrencia competitiva - canónica;35000.0;False;;2;beneficiario empresarial claro;2;me;
971722;770162;LOCAL;VALENCIA;CONVOCATORIA SUBVENCIONES EMPRENDEDORES EN AGRICULTURA Y GANADERIA 2024;PYME Y PERSONAS FÍSICAS QUE DESARROLLAN ACTIVIDAD ECONÓMICA;Producción agrícola combinada con la producción ganadera;Concurrencia competitiva - canónica;300000.0;False;24/07/2024;2;beneficiario empresarial claro;2;me;
956808;755248;LOCAL;"MANCOMUNITAT ""L'ALCOIÀ  I EL COMTAT""";CONVOCATORIA DEL XII CONCURSO DE EMPRESAS Y PROYECTOS EMPRESARIALES EMPRENDEDORES DE LA MANCOMUNIDAD DE L’ALCOIÀ I EL COMTAT PARA EL EJERCICIO 2024;PYME Y PERSONAS FÍSICAS QUE DESARROLLAN ACTIVIDAD ECONÓMICA;ACTIVIDADES ARTÍSTICAS, DEPORTIVAS Y DE ENTRETENIMIENTO | AGRICULTURA, GANADERÍA, SILVICULTURA Y PESCA | INDUSTRIA MANUFACTURERA;Concurrencia competitiva - canónica;3500.0;False;31/07/2024;0;premio/certamen/concurso, no es ayuda económica a la actividad empresarial;0;me;
946975;745415;LOCAL;CANET D'EN BERENGUER;BASES REGULADORAS DE LAS AYUDAS MUNICIPALES A EMPRENDEDORES 2024;PYME Y PERSONAS FÍSICAS QUE DESARROLLAN ACTIVIDAD ECONÓMICA;ACTIVIDADES ADMINISTRATIVAS Y SERVICIOS AUXILIARES | ACTIVIDADES ARTÍSTICAS, DEPORTIVAS Y DE ENTRETENIMIENTO | ACTIVIDADES DE EDICIÓN, RADIODIFUSIÓN Y PRODUCCIÓN Y DISTRIBUCIÓN DE CONTENIDOS | ACTIVIDADES DE LOS HOGARES COMO EMPLEADORES Y COMO PRODUCTORES DE BIENES Y SERVICIOS NO DIFERENCIADOS PARA USO PROPIO | ACTIVIDADES FINANCIERAS Y DE SEGUROS | ACTIVIDADES INMOBILIARIAS | ACTIVIDADES PROFESIONALES, CIENTÍFICAS Y TÉCNICAS | ACTIVIDADES SANITARIAS Y DE SERVICIOS SOCIALES | ADMINISTRACIÓN PÚBLICA Y DEFENSA;;;;;;;2;me;
945201;743641;LOCAL;CULLERA;CONVENIO DEL AYUNTAMIENTO DE CULLERA CON LA ASOCIACION COMERCIANTES Y EMPRENDEDORES DE CULLERA (ACECU);PYME Y PERSONAS FÍSICAS QUE DESARROLLAN ACTIVIDAD ECONÓMICA;OTROS SERVICIOS | TRANSPORTE Y ALMACENAMIENTO;Concesión directa - instrumental;20000.0;False;31/12/2024;2;beneficiario empresarial claro;2;me;
937238;735678;LOCAL;MUTXAMEL;Ayudas a emprendedores/as por la creación de nuevas actividades en la localidad de Mutxamel. Anualidad 2023;PYME Y PERSONAS FÍSICAS QUE DESARROLLAN ACTIVIDAD ECONÓMICA;ACTIVIDADES ADMINISTRATIVAS Y SERVICIOS AUXILIARES | ACTIVIDADES ARTÍSTICAS, DEPORTIVAS Y DE ENTRETENIMIENTO | ACTIVIDADES DE EDICIÓN, RADIODIFUSIÓN Y PRODUCCIÓN Y DISTRIBUCIÓN DE CONTENIDOS | ACTIVIDADES DE LOS HOGARES COMO EMPLEADORES Y COMO PRODUCTORES DE BIENES Y SERVICIOS NO DIFERENCIADOS PARA USO PROPIO | ACTIVIDADES FINANCIERAS Y DE SEGUROS | ACTIVIDADES INMOBILIARIAS | ACTIVIDADES PROFESIONALES, CIENTÍFICAS Y TÉCNICAS | ACTIVIDADES SANITARIAS Y DE SERVICIOS SOCIALES | ADMINISTRACIÓN PÚBLICA Y DEFENSA;;;;;;;2;me;
929933;728373;LOCAL;ROMANA, LA;SUBVENCIONES A EMPRESAS Y EMPRENDEDORES DEL MUNICIPIO DE LA ROMANA, ANUALIDAD 2023.;PYME Y PERSONAS FÍSICAS QUE DESARROLLAN ACTIVIDAD ECONÓMICA;OTROS SERVICIOS | TRANSPORTE Y ALMACENAMIENTO;Concurrencia competitiva - canónica;8000.0;False;12/12/2023;2;beneficiario empresarial claro;2;me;
909723;708163;LOCAL;TORREVIEJA;EXTRACTO DE DECRETO DEL CONCEJAL DE ECONOMÍA Y HACIENDA, DE FECHA 23 DE ENERO DE 2023, POR EL QUE SE APRUEBA LA CONVOCATORIA DEL CONCURSO-PREMIO “JÓVENES EMPRENDEDORES 2023”, EDICIÓN XIV, DEL AYUNTAMIENTO DE TORREVIEJA, ASÍ COMO LAS BASES ESPECÍFICAS;PYME Y PERSONAS FÍSICAS QUE DESARROLLAN ACTIVIDAD ECONÓMICA;ACTIVIDADES ADMINISTRATIVAS Y SERVICIOS AUXILIARES | ACTIVIDADES ARTÍSTICAS, DEPORTIVAS Y DE ENTRETENIMIENTO | ACTIVIDADES DE EDICIÓN, RADIODIFUSIÓN Y PRODUCCIÓN Y DISTRIBUCIÓN DE CONTENIDOS | ACTIVIDADES FINANCIERAS Y DE SEGUROS | ACTIVIDADES INMOBILIARIAS | ACTIVIDADES PROFESIONALES, CIENTÍFICAS Y TÉCNICAS | ACTIVIDADES SANITARIAS Y DE SERVICIOS SOCIALES | ADMINISTRACIÓN PÚBLICA Y DEFENSA;;;;;;;0;me;
901843;700283;LOCAL;OLLERIA, L';Ayudas a empresas y nuevos emprendedores destinadas a fomentar el empleo y crear nuevas empresas en 2023;PYME Y PERSONAS FÍSICAS QUE DESARROLLAN ACTIVIDAD ECONÓMICA;ACTIVIDADES ADMINISTRATIVAS Y SERVICIOS AUXILIARES | ACTIVIDADES ARTÍSTICAS, DEPORTIVAS Y DE ENTRETENIMIENTO | ACTIVIDADES DE EDICIÓN, RADIODIFUSIÓN Y PRODUCCIÓN Y DISTRIBUCIÓN DE CONTENIDOS | ACTIVIDADES FINANCIERAS Y DE SEGUROS | ACTIVIDADES INMOBILIARIAS | ACTIVIDADES PROFESIONALES, CIENTÍFICAS Y TÉCNICAS | AGRICULTURA, GANADERÍA, SILVICULTURA Y PESCA | COMERCIO AL POR MAYOR Y AL POR MENOR | CONSTRUCCIÓN | HOSTELERÍA | INDUSTRIA MANUFACTURERA | OTROS SERVICIOS | SUMINISTRO DE ENERGIA ELECTRICA, GAS, VAPOR Y AIRE ACONDICIONADO | TELECOMUNICACIONES, PROGRAMACIÓN INFORMÁTICA, CONSULTORÍA, INFRAESTRUCTURA INFORMÁTICA Y OTROS SERVICIOS DE INFORMACIÓN | TRANSPORTE Y ALMACENAMIENTO;Concurrencia competitiva - canónica;20000.0;False;;2;beneficiario empresarial claro;2;me;
891942;690382;LOCAL;BENIDORM;Subvenciones dirigidas a Asociaciones formadas por empresas y/o emprendedores, destinadas al pago de los gastos del personal propio con funciones administrativas y otros gastos de la Asociación, anualidad 2023;PERSONAS JURÍDICAS QUE NO DESARROLLAN ACTIVIDAD ECONÓMICA;ACTIVIDADES INMOBILIARIAS | HOSTELERÍA;Concesión directa - canónica;63000.0;False;31/10/2023;0;beneficiario no empresarial (asociación/ayuntamiento/parroquia/club/...);0;me;
863471;661911;LOCAL;ROMANA, LA;BASES REGULADORAS PARA LA CONCESION DE SUBVENCIONES A EMPRESAS Y EMPRENDEDORES DEL MUNICIPIO DE LA ROMANA, ANUALIDAD 2022;PYME Y PERSONAS FÍSICAS QUE DESARROLLAN ACTIVIDAD ECONÓMICA;ACTIVIDADES DE EDICIÓN, RADIODIFUSIÓN Y PRODUCCIÓN Y DISTRIBUCIÓN DE CONTENIDOS | COMERCIO AL POR MAYOR Y AL POR MENOR | OTROS SERVICIOS;Concurrencia competitiva - canónica;8000.0;False;26/12/2022;2;beneficiario empresarial claro;2;me;
845177;643617;LOCAL;MUTXAMEL;Acuerdo de la Junta de Gobierno Local de fecha 4 de agosto de 2022, por la que se convocan ayudas a emprendedores/as por la creación de nuevas actividades en la localidad de Mutxamel. Anualidad 2022.;PYME Y PERSONAS FÍSICAS QUE DESARROLLAN ACTIVIDAD ECONÓMICA;ACTIVIDADES ADMINISTRATIVAS Y SERVICIOS AUXILIARES | ACTIVIDADES ARTÍSTICAS, DEPORTIVAS Y DE ENTRETENIMIENTO | ACTIVIDADES DE EDICIÓN, RADIODIFUSIÓN Y PRODUCCIÓN Y DISTRIBUCIÓN DE CONTENIDOS | ACTIVIDADES DE LOS HOGARES COMO EMPLEADORES Y COMO PRODUCTORES DE BIENES Y SERVICIOS NO DIFERENCIADOS PARA USO PROPIO | ACTIVIDADES FINANCIERAS Y DE SEGUROS | ACTIVIDADES INMOBILIARIAS | ACTIVIDADES PROFESIONALES, CIENTÍFICAS Y TÉCNICAS | ACTIVIDADES SANITARIAS Y DE SERVICIOS SOCIALES | ADMINISTRACIÓN PÚBLICA Y DEFENSA;;;;;;;2;me;
836826;635266;LOCAL;OROPESA DEL MAR/ORPESA;Extracto de la Resolución n.º 2022001604 de fecha 22/6/22 el Ayuntamiento de Oropesa del Mar por el que se celebra el V Concurso de Emprendedores e innovadores  OROINNOVA 2022. .;PYME Y PERSONAS FÍSICAS QUE DESARROLLAN ACTIVIDAD ECONÓMICA;Actividades relacionadas con el empleo;Concurrencia competitiva - canónica;6000.0;False;;0;premio/certamen/concurso, no es ayuda económica a la actividad empresarial;0;me;
836720;635160;LOCAL;POBLA DE FARNALS, LA;Convocatoria para el Otorgamiento de ayudas para emprendedores en el año 2022 “Subvención Mejora Establecimientos Comerciales: PROGRAMA DE MEJORA y “Subvención a empresas de nueva creación: PROGRAMA DE CREACIÓN”;PYME Y PERSONAS FÍSICAS QUE DESARROLLAN ACTIVIDAD ECONÓMICA;ACTIVIDADES DE EDICIÓN, RADIODIFUSIÓN Y PRODUCCIÓN Y DISTRIBUCIÓN DE CONTENIDOS | COMERCIO AL POR MAYOR Y AL POR MENOR | OTROS SERVICIOS;Concurrencia competitiva - canónica;12000.0;False;;2;beneficiario empresarial claro;2;me;
835045;633485;LOCAL;ASPE;SUBVENCIÓN DE FOMENTO DE EMPLEO DIRIGIDA A EMPRENDEDORES;PERSONAS FÍSICAS QUE NO DESARROLLAN ACTIVIDAD ECONÓMICA | PERSONAS JURÍDICAS QUE NO DESARROLLAN ACTIVIDAD ECONÓMICA | PYME Y PERSONAS FÍSICAS QUE DESARROLLAN ACTIVIDAD ECONÓMICA;Actividades relacionadas con el empleo;Concurrencia competitiva - canónica;66652.99;False;30/09/2022;0;beneficiario no empresarial (asociación/ayuntamiento/parroquia/club/...);2;me;
833180;631620;LOCAL;DIPUTACIÓN PROV. DE VALENCIA;CONVOCATORIA SUBVENCIÓN A LA ASOCIACIÓN PROFESIONAL DE TRABAJADORES AUTÓNOMOS Y EMPRENDEDORES UATAE COMUNIDAD VALENCIANA;PERSONAS JURÍDICAS QUE NO DESARROLLAN ACTIVIDAD ECONÓMICA;OTROS SERVICIOS | TRANSPORTE Y ALMACENAMIENTO;Concesión directa - instrumental;30000.0;False;02/05/2022;0;beneficiario no empresarial (asociación/ayuntamiento/parroquia/club/...);1;me;
832247;630687;LOCAL;BENIDORM;Subvenciones dirigidas a Asociaciones formadas por empresas y/o emprendedores, destinadas al pago de los gastos del personal propio con funciones administrativas y otros gastos de la Asociación durante el año 2022;PERSONAS JURÍDICAS QUE NO DESARROLLAN ACTIVIDAD ECONÓMICA;ACTIVIDADES DE EDICIÓN, RADIODIFUSIÓN Y PRODUCCIÓN Y DISTRIBUCIÓN DE CONTENIDOS | COMERCIO AL POR MAYOR Y AL POR MENOR | HOSTELERÍA | OTROS SERVICIOS | SUMINISTRO DE ENERGIA ELECTRICA, GAS, VAPOR Y AIRE ACONDICIONADO | TELECOMUNICACIONES, PROGRAMACIÓN INFORMÁTICA, CONSULTORÍA, INFRAESTRUCTURA INFORMÁTICA Y OTROS SERVICIOS DE INFORMACIÓN | TRANSPORTE Y ALMACENAMIENTO;Concesión directa - canónica;60000.0;False;31/10/2022;0;beneficiario no empresarial (asociación/ayuntamiento/parroquia/club/...);0;me;
828253;626693;OTROS;UNIVERSIDAD MIGUEL HERNÁNDEZ DE ELCHE;RESOLUCIÓN RECTORAL DE LA UNIVERSIDAD MIGUEL HERNÁNDEZ DE ELCHE POR LA QUE SE CONVOCAN LAS BECAS DE MOVILIDAD INTERNACIONAL PARA EMPRENDEDORES 2022;PERSONAS FÍSICAS QUE NO DESARROLLAN ACTIVIDAD ECONÓMICA;Actividades deportivas, recreativas y de entretenimiento | Educación;Concurrencia competitiva - canónica;8000.0;False;02/06/2022;0;beneficiario no empresarial (asociación/ayuntamiento/parroquia/club/...);0;me;
813600;612040;LOCAL;TORREVIEJA;BASES DEL CONCURSO-PREMIO “JÓVENES EMPRENDEDORES 2022”, EDICIÓN XIII, DEL AYUNTAMIENTO DE TORREVIEJA.;PYME Y PERSONAS FÍSICAS QUE DESARROLLAN ACTIVIDAD ECONÓMICA;ACTIVIDADES ADMINISTRATIVAS Y SERVICIOS AUXILIARES | ACTIVIDADES ARTÍSTICAS, DEPORTIVAS Y DE ENTRETENIMIENTO | ACTIVIDADES DE EDICIÓN, RADIODIFUSIÓN Y PRODUCCIÓN Y DISTRIBUCIÓN DE CONTENIDOS | ACTIVIDADES DE LOS HOGARES COMO EMPLEADORES Y COMO PRODUCTORES DE BIENES Y SERVICIOS NO DIFERENCIADOS PARA USO PROPIO | ACTIVIDADES FINANCIERAS Y DE SEGUROS | ACTIVIDADES INMOBILIARIAS | ACTIVIDADES PROFESIONALES, CIENTÍFICAS Y TÉCNICAS | ACTIVIDADES SANITARIAS Y DE SERVICIOS SOCIALES | ADMINISTRACIÓN PÚBLICA Y DEFENSA;;;;;;;0;me;
805350;603790;OTROS;UNIVERSITAT DE VALÈNCIA (ESTUDI GENERAL);"X PREMIO ""EMPRENDEDORES"" de la Facultat d'Economia";PERSONAS FÍSICAS QUE NO DESARROLLAN ACTIVIDAD ECONÓMICA;Actividades auxiliares a la educación;Concurrencia competitiva - canónica;1000.0;False;24/01/2022;0;premio/certamen/concurso, no es ayuda económica a la actividad empresarial;0;me;
797120;595560;LOCAL;MONÓVAR/MONÒVER;BASES REGULADORAS AYUDAS A LA CREACIÓN Y DESARROLLO DE EMPRESAS Y PROYECTOS EMPRESARIALES DE EMPRENDEDORES;PYME Y PERSONAS FÍSICAS QUE DESARROLLAN ACTIVIDAD ECONÓMICA;ACTIVIDADES ADMINISTRATIVAS Y SERVICIOS AUXILIARES | ACTIVIDADES ARTÍSTICAS, DEPORTIVAS Y DE ENTRETENIMIENTO | ACTIVIDADES DE EDICIÓN, RADIODIFUSIÓN Y PRODUCCIÓN Y DISTRIBUCIÓN DE CONTENIDOS | ACTIVIDADES FINANCIERAS Y DE SEGUROS | ACTIVIDADES INMOBILIARIAS | ACTIVIDADES PROFESIONALES, CIENTÍFICAS Y TÉCNICAS | ACTIVIDADES SANITARIAS Y DE SERVICIOS SOCIALES | AGRICULTURA, GANADERÍA, SILVICULTURA Y PESCA | COMERCIO AL POR MAYOR Y AL POR MENOR | CONSTRUCCIÓN | EDUCACIÓN | HOSTELERÍA | INDUSTRIA MANUFACTURERA | OTROS SERVICIOS | TELECOMUNICACIONES, PROGRAMACIÓN INFORMÁTICA, CONSULTORÍA, INFRAESTRUCTURA INFORMÁTICA Y OTROS SERVICIOS DE INFORMACIÓN | TRANSPORTE Y ALMACENAMIENTO;Concesión directa - canónica;7000.0;False;07/12/2021;2;beneficiario empresarial claro;2;me;
787855;586295;LOCAL;CANET D'EN BERENGUER;Convocatoria de concesión de ayudas económicas destinadas tanto a los trámites de constitución como a la inversión inicial de los nuevos emprendedores;PYME Y PERSONAS FÍSICAS QUE DESARROLLAN ACTIVIDAD ECONÓMICA;OTROS SERVICIOS | TRANSPORTE Y ALMACENAMIENTO;Concurrencia competitiva - canónica;7650.0;False;;2;beneficiario empresarial claro;2;me;
783572;582012;LOCAL;DIPUTACIÓN PROV. DE VALENCIA;Convocatoria Programa Mentoring con emprendedores 2021;PERSONAS JURÍDICAS QUE NO DESARROLLAN ACTIVIDAD ECONÓMICA;Actividades relacionadas con el empleo;Concesión directa - instrumental;29040.0;False;31/12/2021;0;beneficiario no empresarial (asociación/ayuntamiento/parroquia/club/...);1;me;
774849;573289;LOCAL;ASPE;Acuerdo de la Junta de Gobierno Local de 15 de junio de 2021, por el que se aprueba la convocatoria pública de subvenciones de fomento de empleo dirigido a emprendedores. Anualidad 2021.;PYME Y PERSONAS FÍSICAS QUE DESARROLLAN ACTIVIDAD ECONÓMICA;ACTIVIDADES ARTÍSTICAS, DEPORTIVAS Y DE ENTRETENIMIENTO | ACTIVIDADES DE EDICIÓN, RADIODIFUSIÓN Y PRODUCCIÓN Y DISTRIBUCIÓN DE CONTENIDOS | AGRICULTURA, GANADERÍA, SILVICULTURA Y PESCA | COMERCIO AL POR MAYOR Y AL POR MENOR | INDUSTRIA MANUFACTURERA | INDUSTRIAS EXTRACTIVAS | OTROS SERVICIOS;Concurrencia competitiva - canónica;70000.0;False;30/09/2021;2;beneficiario empresarial claro;2;me;
1121040;919479;LOCAL;LLÍRIA;Premios al Uso del Valenciano en el Comercio Local 2026-Ayuntamiento de Llíria;PYME Y PERSONAS FÍSICAS QUE DESARROLLAN ACTIVIDAD ECONÓMICA;Comercio al por menor no especializado;Concurrencia competitiva - canónica;2000.0;False;20/09/2026;0;premio/certamen/concurso, no es ayuda económica a la actividad empresarial;0;me;
1118455;916894;LOCAL;ALDAIA;IV Premio del uso del valenciano en el comercio local 2026;PYME Y PERSONAS FÍSICAS QUE DESARROLLAN ACTIVIDAD ECONÓMICA;OTROS SERVICIOS;Concurrencia competitiva - canónica;3200.0;False;31/07/2026;0;premio/certamen/concurso, no es ayuda económica a la actividad empresarial;0;me;
1116236;914675;LOCAL;ELIANA, L';V Premios al Uso del Valenciano en el Comercio Local de l'Eliana, ejercicio 2026;PYME Y PERSONAS FÍSICAS QUE DESARROLLAN ACTIVIDAD ECONÓMICA;COMERCIO AL POR MAYOR Y AL POR MENOR | HOSTELERÍA;Concurrencia competitiva - canónica;3000.0;False;15/09/2026;0;premio/certamen/concurso, no es ayuda económica a la actividad empresarial;0;me;
1112504;910943;LOCAL;ALZIRA;Convocatoria “Bonos de comercio de Alzira para la activación del consumo en el comercio local 2026”.;PERSONAS FÍSICAS QUE NO DESARROLLAN ACTIVIDAD ECONÓMICA;Comercio al por menor;Concurrencia competitiva - canónica;65000.0;False;;0;beneficiario no empresarial (asociación/ayuntamiento/parroquia/club/...);0;me;
1108991;907430;LOCAL;MONTSERRAT;VII Premios al uso del valenciano en el comercio local de Montserrat durante el año 2026;PYME Y PERSONAS FÍSICAS QUE DESARROLLAN ACTIVIDAD ECONÓMICA;ACTIVIDADES ADMINISTRATIVAS Y SERVICIOS AUXILIARES | ACTIVIDADES ARTÍSTICAS, DEPORTIVAS Y DE ENTRETENIMIENTO | ACTIVIDADES DE EDICIÓN, RADIODIFUSIÓN Y PRODUCCIÓN Y DISTRIBUCIÓN DE CONTENIDOS | ACTIVIDADES DE LOS HOGARES COMO EMPLEADORES Y COMO PRODUCTORES DE BIENES Y SERVICIOS NO DIFERENCIADOS PARA USO PROPIO | ACTIVIDADES FINANCIERAS Y DE SEGUROS | ACTIVIDADES INMOBILIARIAS | ACTIVIDADES PROFESIONALES, CIENTÍFICAS Y TÉCNICAS | ACTIVIDADES SANITARIAS Y DE SERVICIOS SOCIALES | ADMINISTRACIÓN PÚBLICA Y DEFENSA;;;;;;;0;me;
1107973;906412;LOCAL;ALAQUÀS;Convocatoria de concesión de subvenciones destinadas a la activación del pequeño comercio local, ejercida a través de las asociaciones de comerciantes. Ejercicio 2026.;PERSONAS JURÍDICAS QUE NO DESARROLLAN ACTIVIDAD ECONÓMICA;COMERCIO AL POR MAYOR Y AL POR MENOR;Concurrencia competitiva - canónica;24000.0;False;;0;beneficiario no empresarial (asociación/ayuntamiento/parroquia/club/...);0;me;
1107749;906188;LOCAL;QUART DE POBLET;Acuerdo de la Junta de Gobierno del Ayuntamiento de Quart de Poblet de fecha 30 de abril de 2026 por el que se convoca la sexta edición de los premios por el uso del valenciano en el comercio local.;PYME Y PERSONAS FÍSICAS QUE DESARROLLAN ACTIVIDAD ECONÓMICA;OTROS SERVICIOS;Concurrencia competitiva - canónica;3000.0;False;;0;premio/certamen/concurso, no es ayuda económica a la actividad empresarial;0;me;
1104483;902922;LOCAL;PINÓS, EL/PINOSO;CONVENIO ASOCIACIÓN DE COMERCIANTES PARA FOMENTO Y PROMOCIÓN DEL COMERCIO LOCAL;PYME Y PERSONAS FÍSICAS QUE DESARROLLAN ACTIVIDAD ECONÓMICA;COMERCIO AL POR MAYOR Y AL POR MENOR;Concesión directa - instrumental;4000.0;True;;2;beneficiario empresarial claro;2;me;
1101438;899877;LOCAL;RÁFOL DE SALEM;"Campaña de promoción del comercio local mediante la emisión de bonos comercio ""CONSUME EN EL PUEBLO - CONSUME EN CASA 2026"".";PERSONAS FÍSICAS QUE NO DESARROLLAN ACTIVIDAD ECONÓMICA;ACTIVIDADES DE EDICIÓN, RADIODIFUSIÓN Y PRODUCCIÓN Y DISTRIBUCIÓN DE CONTENIDOS | COMERCIO AL POR MAYOR Y AL POR MENOR | OTROS SERVICIOS | Restaurantes y puestos de comidas;Concurrencia competitiva - canónica;5000.0;False;;0;beneficiario no empresarial (asociación/ayuntamiento/parroquia/club/...);1;me;
1095924;894363;LOCAL;ALZIRA;VI Premios al Uso del Valenciano en el Comercio Local 2026.;PYME Y PERSONAS FÍSICAS QUE DESARROLLAN ACTIVIDAD ECONÓMICA;ACTIVIDADES ARTÍSTICAS, DEPORTIVAS Y DE ENTRETENIMIENTO | ACTIVIDADES INMOBILIARIAS | ADMINISTRACIÓN PÚBLICA Y DEFENSA;;;;;;;0;me;
1094093;892532;LOCAL;SAGUNTO/SAGUNT;Aprobación convocatoria diseño cartel de la campaña de promoción del Comercio Local 2026;PERSONAS FÍSICAS QUE NO DESARROLLAN ACTIVIDAD ECONÓMICA;OTROS SERVICIOS | TRANSPORTE Y ALMACENAMIENTO;Concurrencia competitiva - canónica;500.0;False;;0;beneficiario no empresarial (asociación/ayuntamiento/parroquia/club/...);0;me;
1092189;890628;LOCAL;ONDA;CONVENIO ENTRE EL AYUNTAMIENTO DE ONDA Y LA ASOCIACIÓN ONDA CENTRE COMERCIAL PARA LA PROMOCIÓN DEL COMERCIO LOCAL 2026;PERSONAS JURÍDICAS QUE NO DESARROLLAN ACTIVIDAD ECONÓMICA;ACTIVIDADES DE EDICIÓN, RADIODIFUSIÓN Y PRODUCCIÓN Y DISTRIBUCIÓN DE CONTENIDOS | COMERCIO AL POR MAYOR Y AL POR MENOR | OTROS SERVICIOS;Concesión directa - instrumental;29000.0;False;30/09/2026;0;beneficiario no empresarial (asociación/ayuntamiento/parroquia/club/...);0;me;
1088206;886645;LOCAL;QUART DE POBLET;CONVOCATORIA DE AYUDAS DESTINADAS A POTENCIAR Y FAVORECER El USO DEL VALENCIANO EN EL COMERCIO LOCAL 2026.;PYME Y PERSONAS FÍSICAS QUE DESARROLLAN ACTIVIDAD ECONÓMICA;ACTIVIDADES DE EDICIÓN, RADIODIFUSIÓN Y PRODUCCIÓN Y DISTRIBUCIÓN DE CONTENIDOS | COMERCIO AL POR MAYOR Y AL POR MENOR | OTROS SERVICIOS;Concurrencia competitiva - canónica;5000.0;False;30/06/2026;2;beneficiario empresarial claro;2;me;
1087083;885522;LOCAL;TORREBLANCA;"Subvención nominativa ""Asoc. Comercio Local Torreblanca """;PERSONAS FÍSICAS QUE NO DESARROLLAN ACTIVIDAD ECONÓMICA;OTROS SERVICIOS | TRANSPORTE Y ALMACENAMIENTO;Concesión directa - instrumental;3000.0;False;;0;beneficiario no empresarial (asociación/ayuntamiento/parroquia/club/...);0;me;
1086958;885397;LOCAL;ALAQUÀS;Convenio de colaboración extraordinario entre CAdA y el Ayuntamiento de Alaquàs para el apoyo, promoción y dinamización del;;;;;;;;;0;me;
comercio local; a través de la Campaña para el incentivo de la compra local; Abona't a Alaquàs 5 - Fem Comerç;" Fem Poble.""";PERSONAS JURÍDICAS QUE NO DESARROLLAN ACTIVIDAD ECONÓMICA;ACTIVIDADES DE EDICIÓN, RADIODIFUSIÓN Y PRODUCCIÓN Y DISTRIBUCIÓN DE CONTENIDOS | COMERCIO AL POR MAYOR Y AL POR MENOR | OTROS SERVICIOS;Concesión directa - canónica;25000.0;False;;0;beneficiario no empresarial (asociación/ayuntamiento/parroquia/club/...);;0;me;
1083105;881544;LOCAL;ALGEMESÍ;GALARDON DE HONOR AL COMERCIO LOCAL;PYME Y PERSONAS FÍSICAS QUE DESARROLLAN ACTIVIDAD ECONÓMICA;Actividades de programación, radiodifusión, agencias de noticias y otras actividades de distribución de contenidos | Comercio al por menor;Concesión directa - instrumental;1000.0;False;31/12/2025;2;beneficiario empresarial claro;0;me;
1074957;873396;LOCAL;BORRIOL;SUBVENCIONES EN MATERIA DE FOMENTO DEL COMERCIO LOCAL;PYME Y PERSONAS FÍSICAS QUE DESARROLLAN ACTIVIDAD ECONÓMICA;OTROS SERVICIOS | TRANSPORTE Y ALMACENAMIENTO;Concurrencia competitiva - canónica;2000.0;False;;2;beneficiario empresarial claro;2;me;
1073123;871562;LOCAL;FAVARA;"Resolución de 17/11/2025 de la Alcaldía por la que se convoca la ""Campaña rasca el comercio local 2025""";PERSONAS FÍSICAS QUE NO DESARROLLAN ACTIVIDAD ECONÓMICA;ACTIVIDADES DE EDICIÓN, RADIODIFUSIÓN Y PRODUCCIÓN Y DISTRIBUCIÓN DE CONTENIDOS | COMERCIO AL POR MAYOR Y AL POR MENOR | OTROS SERVICIOS;Concesión directa - canónica;2000.0;False;21/12/2025;0;beneficiario no empresarial (asociación/ayuntamiento/parroquia/club/...);0;me;
1069983;868422;LOCAL;CABANES;VII CAMPAÑA FOMENTO DEL COMERCIO LOCAL;PERSONAS FÍSICAS QUE NO DESARROLLAN ACTIVIDAD ECONÓMICA;Actividades de programación, radiodifusión, agencias de noticias y otras actividades de distribución de contenidos | Comercio al por menor;Concesión directa - canónica;5000.0;False;20/03/2026;0;beneficiario no empresarial (asociación/ayuntamiento/parroquia/club/...);0;me;
1069120;867559;LOCAL;ALMORADÍ;"EXP. 7983/2025.- SÉPTIMA CONVOCATORIA PARA LA CONCESIÓN DE SUBVENCIONES DENOMINADAS ""BONOS CONSUMO COMERCIO LOCAL DE ALMORADÍ (ALMORADÍ VALE X 2) – NAVIDAD”, EN RÉGIMEN DE CONCURRENCIA COMPETITIVA, ANUALIDAD 2025.";PERSONAS FÍSICAS QUE NO DESARROLLAN ACTIVIDAD ECONÓMICA;Actividades de agencias de viajes y operadores turísticos | Actividades de intermediación para el transporte | Actividades de intermediación para los servicios de alojamiento | Actividades de intermediación para los servicios de comidas y bebidas | Actividades de intermediación para servicios de apoyo a las empresas n.c.o.p. | Actividades de servicios de intermediación para el comercio al por menor | Actividades deportivas | Actividades postales y de mensajería | Comercio al por mayor de vehículos de motor, motocicletas y sus repuestos y accesorios | Comercio al por menor de artículos culturales y recreativos | Comercio al por menor de equipos para las tecnologías de la información y las comunicaciones | Comercio al por menor de otros artículos de uso doméstico | Comercio al por menor de otros artículos, excepto vehículos de motor y motocicletas | Comercio al por menor de productos alimenticios, bebidas y tabaco | Comercio al por menor de vehículos de motor, motocicletas y sus repuestos y accesorios | Comercio al por menor no especializado | Intermediarios del comercio al por mayor | Otras actividades recreativas y de entretenimiento | Otros servicios de reservas y actividades relacionadas con los mismos | Prestación de servicios a la comunidad en general | Restaurantes y puestos de comidas | Servicios de bebidas | Servicios de catering y otros servicios de comidas | Servicios de intermediación para el alquiler de bienes tangibles y de activos intangibles no financieros | Servicios personales;Concurrencia competitiva - canónica;169580.0;False;;0;beneficiario no empresarial (asociación/ayuntamiento/parroquia/club/...);0;me;
1065798;864237;LOCAL;ALCALÀ DE XIVERT;BASES REGULADORAS DE LA CONVOCATORIA DE LA CAMPAÑA “BONOS COMERCIO LOCAL” DE APOYO A LA ECONOMIA LOCAL MEDIANTE PROCEDIMIENTO DE CONCESIÓN DE SUBVENCIONES PARA LA REALIZACIÓN DE ACCIONES DE PROMOCIÓN DE VENTAS;PYME Y PERSONAS FÍSICAS QUE DESARROLLAN ACTIVIDAD ECONÓMICA;Actividades de programación, radiodifusión, agencias de noticias y otras actividades de distribución de contenidos | Comercio al por mayor | Comercio al por menor | Reparación y mantenimiento de ordenadores, artículos personales y enseres domésticos y vehículos de motor y motocicletas;Concesión directa - canónica;10000.0;False;;2;beneficiario empresarial claro;2;me;
1063789;862228;LOCAL;VALL D'UIXÓ, LA;Convocatoria para el otorgamiento de las subvenciones para el fomento del consumo local en La Vall d’Uixó, “Campaña Bonos del comercio local”.;PERSONAS FÍSICAS QUE NO DESARROLLAN ACTIVIDAD ECONÓMICA;Actividades de programación, radiodifusión, agencias de noticias y otras actividades de distribución de contenidos | Comercio al por menor;Concurrencia competitiva - canónica;30000.0;False;;0;beneficiario no empresarial (asociación/ayuntamiento/parroquia/club/...);1;me;
1062912;861351;LOCAL;MUSEROS;Anuncio del Ayuntamiento de Museros sobre convocatoria de premios al uso del valenciano en el comercio local de Museros 2025.;PYME Y PERSONAS FÍSICAS QUE DESARROLLAN ACTIVIDAD ECONÓMICA;ACTIVIDADES DE EDICIÓN, RADIODIFUSIÓN Y PRODUCCIÓN Y DISTRIBUCIÓN DE CONTENIDOS | COMERCIO AL POR MAYOR Y AL POR MENOR | OTROS SERVICIOS;Concurrencia competitiva - canónica;2000.0;False;;0;premio/certamen/concurso, no es ayuda económica a la actividad empresarial;0;me;
1062849;861288;LOCAL;TURÍS;Convocatoria «III Premios al Uso del Valenciano en el Comercio Local 2025» de Turís;PYME Y PERSONAS FÍSICAS QUE DESARROLLAN ACTIVIDAD ECONÓMICA;ACTIVIDADES ADMINISTRATIVAS Y SERVICIOS AUXILIARES | ACTIVIDADES ARTÍSTICAS, DEPORTIVAS Y DE ENTRETENIMIENTO | ACTIVIDADES DE EDICIÓN, RADIODIFUSIÓN Y PRODUCCIÓN Y DISTRIBUCIÓN DE CONTENIDOS | ACTIVIDADES DE LOS HOGARES COMO EMPLEADORES Y COMO PRODUCTORES DE BIENES Y SERVICIOS NO DIFERENCIADOS PARA USO PROPIO | ACTIVIDADES FINANCIERAS Y DE SEGUROS | ACTIVIDADES INMOBILIARIAS | ACTIVIDADES PROFESIONALES, CIENTÍFICAS Y TÉCNICAS | ACTIVIDADES SANITARIAS Y DE SERVICIOS SOCIALES | ADMINISTRACIÓN PÚBLICA Y DEFENSA;;;;;;;0;me;
1062166;860605;LOCAL;ONTINYENT;CONVOCATORIA DE SUBVENCIONES DESTINADAS A  LOS PREMIOS AL USO DEL VALENCIANO EN EL COMERCIO LOCAL DE ONTINYENT 2025;PYME Y PERSONAS FÍSICAS QUE DESARROLLAN ACTIVIDAD ECONÓMICA;Actividades de organizaciones empresariales, profesionales y patronales;Concurrencia competitiva - canónica;3000.0;False;;0;premio/certamen/concurso, no es ayuda económica a la actividad empresarial;0;me;
1062145;860584;LOCAL;CULLERA;CONVOCATORIA PREMIOS USO DEL VALENCIANO EN EL COMERCIO LOCAL 2025;PYME Y PERSONAS FÍSICAS QUE DESARROLLAN ACTIVIDAD ECONÓMICA;Actividades de programación, radiodifusión, agencias de noticias y otras actividades de distribución de contenidos | Comercio al por menor;Concurrencia competitiva - canónica;5600.0;False;24/10/2025;0;premio/certamen/concurso, no es ayuda económica a la actividad empresarial;0;me;
1061848;860287;LOCAL;ALAQUÀS;Convocatoria de concesión de subvenciones destinadas a la activación del pequeño comercio local, ejercida a través de las asociaciones de comerciantes. Ejercicio 2025.;PERSONAS JURÍDICAS QUE NO DESARROLLAN ACTIVIDAD ECONÓMICA;ACTIVIDADES DE EDICIÓN, RADIODIFUSIÓN Y PRODUCCIÓN Y DISTRIBUCIÓN DE CONTENIDOS | COMERCIO AL POR MAYOR Y AL POR MENOR | OTROS SERVICIOS;Concurrencia competitiva - canónica;23000.0;False;;0;beneficiario no empresarial (asociación/ayuntamiento/parroquia/club/...);0;me;
1059291;857730;LOCAL;CARLET;Convocatoria de BONOS COMERCIO 2025 para la activación del consumo en el comercio local.;PERSONAS FÍSICAS QUE NO DESARROLLAN ACTIVIDAD ECONÓMICA;OTROS SERVICIOS | TRANSPORTE Y ALMACENAMIENTO;Concurrencia competitiva - canónica;150000.0;False;;0;beneficiario no empresarial (asociación/ayuntamiento/parroquia/club/...);1;me;
1058538;856977;LOCAL;CATADAU;Convocatoria por la concesión de premios al uso del valenciano en el comercio local de Catadau 2025;PYME Y PERSONAS FÍSICAS QUE DESARROLLAN ACTIVIDAD ECONÓMICA;HOSTELERÍA | OTROS SERVICIOS | TRANSPORTE Y ALMACENAMIENTO;Concurrencia competitiva - canónica;4100.0;False;20/10/2025;0;premio/certamen/concurso, no es ayuda económica a la actividad empresarial;0;me;
1058105;856544;LOCAL;CANET D'EN BERENGUER;Concesión de premios al uso del Valenciano en el Comercio Local para el año 2025;PYME Y PERSONAS FÍSICAS QUE DESARROLLAN ACTIVIDAD ECONÓMICA;ACTIVIDADES ARTÍSTICAS, DEPORTIVAS Y DE ENTRETENIMIENTO | ACTIVIDADES DE EDICIÓN, RADIODIFUSIÓN Y PRODUCCIÓN Y DISTRIBUCIÓN DE CONTENIDOS | ADMINISTRACIÓN PÚBLICA Y DEFENSA;;;;;;;0;me;
1057250;855689;LOCAL;ALBORAIA/ALBORAYA;PREMIOS DEL USO DEL VALENCIANO EN EL COMERCIO LOCAL 2025;PERSONAS FÍSICAS QUE NO DESARROLLAN ACTIVIDAD ECONÓMICA | PERSONAS JURÍDICAS QUE NO DESARROLLAN ACTIVIDAD ECONÓMICA;ACTIVIDADES DE EDICIÓN, RADIODIFUSIÓN Y PRODUCCIÓN Y DISTRIBUCIÓN DE CONTENIDOS | COMERCIO AL POR MAYOR Y AL POR MENOR | OTROS SERVICIOS;Concurrencia competitiva - canónica;4000.0;False;08/10/2025;0;premio/certamen/concurso, no es ayuda económica a la actividad empresarial;0;me;
1055933;854372;LOCAL;VINARÒS;SUBVENCIONES DESTINADAS A ENTIDADES PRIVADAS PARA ACTUACIONES DE PROMOCIN DEL COMERCIO LOCAL;PYME Y PERSONAS FÍSICAS QUE DESARROLLAN ACTIVIDAD ECONÓMICA;OTROS SERVICIOS | TRANSPORTE Y ALMACENAMIENTO;Concurrencia competitiva - canónica;5000.0;False;30/12/2025;2;beneficiario empresarial claro;2;me;
1055775;854214;LOCAL;ALMASSORA;III Campaña de dinamización del comercio local, organizada por el Ayuntamiento de Almassora bajo el slogan“Comerç local, el teu”;PERSONAS FÍSICAS QUE NO DESARROLLAN ACTIVIDAD ECONÓMICA;Otras actividades asociativas;Concurrencia competitiva - canónica;3000.0;True;;0;beneficiario no empresarial (asociación/ayuntamiento/parroquia/club/...);0;me;
1055692;854131;LOCAL;SEDAVÍ;Premios al Uso del Valenciano en el Comercio Local, año 2025;PYME Y PERSONAS FÍSICAS QUE DESARROLLAN ACTIVIDAD ECONÓMICA;ACTIVIDADES DE EDICIÓN, RADIODIFUSIÓN Y PRODUCCIÓN Y DISTRIBUCIÓN DE CONTENIDOS | COMERCIO AL POR MAYOR Y AL POR MENOR | OTROS SERVICIOS;Concurrencia competitiva - canónica;4000.0;False;;0;premio/certamen/concurso, no es ayuda económica a la actividad empresarial;0;me;
1054800;853239;LOCAL;ALCÀSSER;Convocatoria de la 2ª Edición de los premios al uso del Valenciano en el comercio local de Alcàsser;PYME Y PERSONAS FÍSICAS QUE DESARROLLAN ACTIVIDAD ECONÓMICA;HOSTELERÍA | OTROS SERVICIOS | TRANSPORTE Y ALMACENAMIENTO;Concurrencia competitiva - canónica;3300.0;False;;0;premio/certamen/concurso, no es ayuda económica a la actividad empresarial;0;me;
1053723;852162;LOCAL;DIPUTACIÓN PROV. DE VALENCIA;CONVOCATORIA nominativa proyecto de dinamización y promoción del comercio local de la provincia con especial atención en los municipios DANA (UNION GREMIAL);PERSONAS JURÍDICAS QUE NO DESARROLLAN ACTIVIDAD ECONÓMICA;Actividades relacionadas con el empleo;Concesión directa - instrumental;60000.0;False;31/08/2025;0;beneficiario no empresarial (asociación/ayuntamiento/parroquia/club/...);0;me;
1053489;851928;LOCAL;TORREBLANCA;Subvención Asociación Comercio Local Torreblanca;PERSONAS JURÍDICAS QUE NO DESARROLLAN ACTIVIDAD ECONÓMICA;OTROS SERVICIOS | TRANSPORTE Y ALMACENAMIENTO;Concesión directa - instrumental;3000.0;False;;0;beneficiario no empresarial (asociación/ayuntamiento/parroquia/club/...);0;me;
1051540;849979;LOCAL;ELIANA, L';IV Premios al uso del valenciano en el comercio local de l'Eliana;PYME Y PERSONAS FÍSICAS QUE DESARROLLAN ACTIVIDAD ECONÓMICA;Actividades de programación, radiodifusión, agencias de noticias y otras actividades de distribución de contenidos | Comercio al por menor;Concurrencia competitiva - canónica;3000.0;False;19/09/2025;0;premio/certamen/concurso, no es ayuda económica a la actividad empresarial;0;me;
1111190;909629;LOCAL;VALENCIA;SUBVENCIÓN NOMINATIVA FEDERACIÓN EMPRESARIAL DE HOSTELERÍA DE VALÈNCIA;PERSONAS JURÍDICAS QUE NO DESARROLLAN ACTIVIDAD ECONÓMICA;OTROS SERVICIOS;Concesión directa - instrumental;35000.0;True;;0;beneficiario no empresarial (asociación/ayuntamiento/parroquia/club/...);1;me;
1108090;906529;LOCAL;BENETÚSSER;"Subvención nominativa ""Associació de comerciants i hosteleria de Benetússer"" 2026";PERSONAS JURÍDICAS QUE NO DESARROLLAN ACTIVIDAD ECONÓMICA;COMERCIO AL POR MAYOR Y AL POR MENOR;Concesión directa - instrumental;6000.0;False;30/04/2026;0;beneficiario no empresarial (asociación/ayuntamiento/parroquia/club/...);0;me;
1103590;902029;LOCAL;ELCHE/ELX;CONVOCATORIA DE SUBVENCIONES A ASOCIACIONES EMPRESARIALES DE COMERCIOS Y DE HOSTELERÍA 2026.;PERSONAS JURÍDICAS QUE NO DESARROLLAN ACTIVIDAD ECONÓMICA;Actividades de organizaciones empresariales, profesionales y patronales;Concurrencia competitiva - canónica;40000.0;False;26/05/2026;0;beneficiario no empresarial (asociación/ayuntamiento/parroquia/club/...);0;me;
1099930;898369;LOCAL;BOCAIRENT;Convenio Asociación Hosteleria y Turismo;PERSONAS JURÍDICAS QUE NO DESARROLLAN ACTIVIDAD ECONÓMICA;COMERCIO AL POR MAYOR Y AL POR MENOR;Concesión directa - instrumental;4000.0;False;10/11/2025;0;beneficiario no empresarial (asociación/ayuntamiento/parroquia/club/...);0;me;
1096614;895053;LOCAL;LLÍRIA;RENOVACIÓN CONVENIO DEL AJUNTAMENT DE LLIRIA CON LA FEDERACIÓ DE COMERÇ DE LLIRIA PROGRAMA BONO COMERCIO Y HOSTELERIA 2026-2029;PYME Y PERSONAS FÍSICAS QUE DESARROLLAN ACTIVIDAD ECONÓMICA;ACTIVIDADES DE EDICIÓN, RADIODIFUSIÓN Y PRODUCCIÓN Y DISTRIBUCIÓN DE CONTENIDOS | COMERCIO AL POR MAYOR Y AL POR MENOR | OTROS SERVICIOS;Concesión directa - instrumental;29000.0;True;;2;beneficiario empresarial claro;2;me;
1096613;895052;LOCAL;LLÍRIA;CONCESIÓN SUBVENCIÓN A LA FEDERACIÓ DE COMERÇ DE LLIRIA PROGRAMA BONO COMERCIO Y HOSTELERIA;PYME Y PERSONAS FÍSICAS QUE DESARROLLAN ACTIVIDAD ECONÓMICA;ACTIVIDADES DE EDICIÓN, RADIODIFUSIÓN Y PRODUCCIÓN Y DISTRIBUCIÓN DE CONTENIDOS | COMERCIO AL POR MAYOR Y AL POR MENOR | OTROS SERVICIOS;Concesión directa - instrumental;164700.0;True;;2;beneficiario empresarial claro;2;me;
1088419;886858;LOCAL;CULLERA;CONVENIO DE COLABORACIÓN ENTRE EL AYUNTAMIENTO DE CULLERA Y LA  ASOCIACIÓN DE EMPRESARIOS DE HOSTELERÍA Y TURISMO DE CULLERA Y LA RIBERA BAJA ( AEHC) 2026;PERSONAS JURÍDICAS QUE NO DESARROLLAN ACTIVIDAD ECONÓMICA;HOSTELERÍA;Concesión directa - instrumental;30000.0;False;15/12/2026;0;beneficiario no empresarial (asociación/ayuntamiento/parroquia/club/...);0;me;
1087316;885755;LOCAL;VALENCIA;SUBVENCIÓN ASOCIACIÓN OCIO Y HOSTELERÍA;PERSONAS FÍSICAS QUE NO DESARROLLAN ACTIVIDAD ECONÓMICA;OTROS SERVICIOS | TRANSPORTE Y ALMACENAMIENTO;Concesión directa - instrumental;15000.0;True;;0;beneficiario no empresarial (asociación/ayuntamiento/parroquia/club/...);0;me;
1073612;872051;LOCAL;VILLAJOYOSA/VILA JOIOSA, LA;Convocatoria del Concurso de ornamentación navideña de escaparates y/o fachadas para establecimientos minoristas comerciales, industriales, de hostelería o  restauración y relacionados con el alojamiento de personas, y profesionales de esos sectores.;PYME Y PERSONAS FÍSICAS QUE DESARROLLAN ACTIVIDAD ECONÓMICA;ACTIVIDADES ADMINISTRATIVAS Y SERVICIOS AUXILIARES | ACTIVIDADES ARTÍSTICAS, DEPORTIVAS Y DE ENTRETENIMIENTO | ACTIVIDADES DE EDICIÓN, RADIODIFUSIÓN Y PRODUCCIÓN Y DISTRIBUCIÓN DE CONTENIDOS | ACTIVIDADES PROFESIONALES, CIENTÍFICAS Y TÉCNICAS | ACTIVIDADES SANITARIAS Y DE SERVICIOS SOCIALES | COMERCIO AL POR MAYOR Y AL POR MENOR | CONSTRUCCIÓN | EDUCACIÓN | HOSTELERÍA | INDUSTRIA MANUFACTURERA | OTROS SERVICIOS | TELECOMUNICACIONES, PROGRAMACIÓN INFORMÁTICA, CONSULTORÍA, INFRAESTRUCTURA INFORMÁTICA Y OTROS SERVICIOS DE INFORMACIÓN | TRANSPORTE Y ALMACENAMIENTO;Concurrencia competitiva - canónica;4000.0;False;;0;premio/certamen/concurso, no es ayuda económica a la actividad empresarial;0;me;
1071377;869816;LOCAL;VILA-REAL;"Resolución del concejal delegado de Comercio, Mercados y Hostelería, de fecha 18 de noviembre de 2025, de aprobación de convocatoria de subvenciones ""Campaña Bonos Comercio de Vila-real""";PERSONAS FÍSICAS QUE NO DESARROLLAN ACTIVIDAD ECONÓMICA;ACTIVIDADES DE EDICIÓN, RADIODIFUSIÓN Y PRODUCCIÓN Y DISTRIBUCIÓN DE CONTENIDOS | COMERCIO AL POR MAYOR Y AL POR MENOR | OTROS SERVICIOS;Concurrencia competitiva - canónica;200000.0;False;;0;beneficiario no empresarial (asociación/ayuntamiento/parroquia/club/...);1;me;
1071375;869814;LOCAL;DIPUTACIÓN PROV. DE VALENCIA;SUBVENCIÓN NOMINATIVA FEDERACIÓN DE HOSTELERIA;PERSONAS JURÍDICAS QUE NO DESARROLLAN ACTIVIDAD ECONÓMICA;Administración pública y de la política económica, social y medioambiental;Concesión directa - instrumental;50000.0;True;;0;beneficiario no empresarial (asociación/ayuntamiento/parroquia/club/...);0;me;
1061629;860068;LOCAL;VALENCIA;SUBVENCIÓN FEDERACIÓN EMPRESARIAL DE HOSTELERÍA DE VALÈNCIA;PERSONAS JURÍDICAS QUE NO DESARROLLAN ACTIVIDAD ECONÓMICA;OTROS SERVICIOS | TRANSPORTE Y ALMACENAMIENTO;Concesión directa - instrumental;35000.0;True;;0;beneficiario no empresarial (asociación/ayuntamiento/parroquia/club/...);1;me;
1060143;858582;LOCAL;ALMASSORA;Subvención noninativa Asociación Hostelería de Almassora Ashoal;PERSONAS JURÍDICAS QUE NO DESARROLLAN ACTIVIDAD ECONÓMICA;Actividades asociativas;Concesión directa - instrumental;1000.0;False;15/05/2025;0;beneficiario no empresarial (asociación/ayuntamiento/parroquia/club/...);0;me;
1059334;857773;LOCAL;IBI;Convenio regulador subvención nominativa 2025 - Hostelería de Ibi;PERSONAS JURÍDICAS QUE NO DESARROLLAN ACTIVIDAD ECONÓMICA;Actividades asociativas;Concesión directa - instrumental;5000.0;False;04/07/2025;0;beneficiario no empresarial (asociación/ayuntamiento/parroquia/club/...);0;me;
1055391;853830;LOCAL;ALICANTE/ALACANT;Convocatoria de subvenciones destinadas a las asociaciones para la promoción,fomento, dinamización y transformación del sector comercio y hostelería 2025.;GRAN EMPRESA | PERSONAS FÍSICAS QUE NO DESARROLLAN ACTIVIDAD ECONÓMICA | PERSONAS JURÍDICAS QUE NO DESARROLLAN ACTIVIDAD ECONÓMICA | PYME Y PERSONAS FÍSICAS QUE DESARROLLAN ACTIVIDAD ECONÓMICA;ACTIVIDADES ARTÍSTICAS, DEPORTIVAS Y DE ENTRETENIMIENTO;Concurrencia competitiva - canónica;177430.85;False;;0;beneficiario no empresarial (asociación/ayuntamiento/parroquia/club/...);2;me;
1043955;842394;LOCAL;XIRIVELLA;CONVOCATORIA PARA LA CONCESIÓN DE AYUDAS A COMERCIOS, SERVICIOS, HOSTELERÍA Y EMPRESAS, AFECTADAS POR LAS LLUVIAS E INUNDACIONES OCASIONADAS POR LA DANA DEL DÍA 29 DE OCTUBRE EN XIRIVELLA”;PYME Y PERSONAS FÍSICAS QUE DESARROLLAN ACTIVIDAD ECONÓMICA;ACTIVIDADES DE EDICIÓN, RADIODIFUSIÓN Y PRODUCCIÓN Y DISTRIBUCIÓN DE CONTENIDOS | COMERCIO AL POR MAYOR Y AL POR MENOR | HOSTELERÍA | OTROS SERVICIOS | TRANSPORTE Y ALMACENAMIENTO;Concesión directa - canónica;250000.0;False;;2;beneficiario empresarial claro;2;me;
1042082;840521;LOCAL;BORRIANA/BURRIANA;Convenio asociación de hostelería de Burriana;PERSONAS JURÍDICAS QUE NO DESARROLLAN ACTIVIDAD ECONÓMICA;HOSTELERÍA;Concesión directa - instrumental;5000.0;False;31/12/2025;0;beneficiario no empresarial (asociación/ayuntamiento/parroquia/club/...);0;me;
1038794;837233;LOCAL;DIPUTACIÓN PROV. DE VALENCIA;CONVENIO FEDERACIÓN EMPRESARIAL DE HOSTELERIA;PERSONAS JURÍDICAS QUE NO DESARROLLAN ACTIVIDAD ECONÓMICA;Administración pública y de la política económica, social y medioambiental;Concesión directa - instrumental;15000.0;False;18/04/2024;0;beneficiario no empresarial (asociación/ayuntamiento/parroquia/club/...);0;me;
1030078;828517;LOCAL;LLÍRIA;CONCESIÓN SUBVENCIÓN A LA FEDERACIÓ DE COMERÇ DE LLIRIA PROGRAMA BONO COMERCIO Y HOSTELERIA;PYME Y PERSONAS FÍSICAS QUE DESARROLLAN ACTIVIDAD ECONÓMICA;ACTIVIDADES DE EDICIÓN, RADIODIFUSIÓN Y PRODUCCIÓN Y DISTRIBUCIÓN DE CONTENIDOS | COMERCIO AL POR MAYOR Y AL POR MENOR | OTROS SERVICIOS;Concesión directa - instrumental;140000.0;True;;2;beneficiario empresarial claro;2;me;
1026709;825148;LOCAL;ALICANTE/ALACANT;Convocatoria XXVII Edición de los Premios de la Ciudad de Alicante al Comercio y a la Hostelería 2025.;GRAN EMPRESA | PERSONAS FÍSICAS QUE NO DESARROLLAN ACTIVIDAD ECONÓMICA | PERSONAS JURÍDICAS QUE NO DESARROLLAN ACTIVIDAD ECONÓMICA | PYME Y PERSONAS FÍSICAS QUE DESARROLLAN ACTIVIDAD ECONÓMICA;ADMINISTRACIÓN PÚBLICA Y DEFENSA;;;;;;;0;me;
1020679;819119;LOCAL;ELCHE/ELX;Convocatoria de subvenciones a asociaciones de comercio y de hostelería 2025.;PERSONAS JURÍDICAS QUE NO DESARROLLAN ACTIVIDAD ECONÓMICA;Actividades de organizaciones empresariales, profesionales y patronales;Concurrencia competitiva - canónica;40000.0;False;03/04/2025;0;beneficiario no empresarial (asociación/ayuntamiento/parroquia/club/...);0;me;
1018451;816891;LOCAL;CULLERA;CONVENIO DE COLABORACIÓN ENTRE EL AYUNTAMIENTO DE CULLERA Y LA  ASOCIACIÓN DE EMPRESARIOS DE HOSTELERÍA Y TURISMO DE CULLERA Y LA RIBERA BAJA 2025;PERSONAS JURÍDICAS QUE NO DESARROLLAN ACTIVIDAD ECONÓMICA;HOSTELERÍA;Concesión directa - instrumental;20000.0;False;15/12/2025;0;beneficiario no empresarial (asociación/ayuntamiento/parroquia/club/...);0;me;
1007029;805469;LOCAL;OROPESA DEL MAR/ORPESA;Convenio regulador de la subvención nominativa a favor de la entidad ASOCIACIÓN HOSTELERA  DE OROPESA DEL MAR con destino a actividades de fomento de la hostelería local 2023;PYME Y PERSONAS FÍSICAS QUE DESARROLLAN ACTIVIDAD ECONÓMICA;HOSTELERÍA;Concesión directa - instrumental;30000.0;False;;2;beneficiario empresarial claro;2;me;
982489;780929;LOCAL;FORMENTERA DEL SEGURA;PROGRAMA DE AYUDAS “BONO-CONSUMO 2024 CAMPAÑA OTOÑO” DESTINADAS A INCENTIVAR EL CONSUMO DE PROXIMIDAD EN EL COMERCIO, HOSTELERÍA YSERVICIOS DE FORMENTERA DEL SEGURA.;PERSONAS FÍSICAS QUE NO DESARROLLAN ACTIVIDAD ECONÓMICA;Actividades de programación, radiodifusión, agencias de noticias y otras actividades de distribución de contenidos | Comercio al por menor | Servicios de comidas y bebidas;Concurrencia competitiva - canónica;87118.0;False;01/10/2024;0;beneficiario no empresarial (asociación/ayuntamiento/parroquia/club/...);1;me;
972845;771285;LOCAL;DIPUTACIÓN PROV. DE VALENCIA;Convocatoria Programa Mentoring Hostelería Rural 2024;PERSONAS JURÍDICAS QUE NO DESARROLLAN ACTIVIDAD ECONÓMICA;Actividades relacionadas con el empleo;Concesión directa - instrumental;17347.6;False;28/06/2024;0;beneficiario no empresarial (asociación/ayuntamiento/parroquia/club/...);1;me;
972828;771268;LOCAL;ALICANTE/ALACANT;SUBVENCIONES DESTINADAS A LAS ASOCIACIONES PARA LA PROMOCIÓN Y  DINAMIZACIÓN DEL SECTOR COMERCIO Y HOSTELERÍA DURANTE EL EJERCICIO 2024.  CONVOCATORIA Y BASES REGULADORAS;PERSONAS JURÍDICAS QUE NO DESARROLLAN ACTIVIDAD ECONÓMICA;ADMINISTRACIÓN PÚBLICA Y DEFENSA;;;;;;;0;me;
960055;758495;LOCAL;BORRIANA/BURRIANA;Convenio Asociación Hostelería Burriana 2024;PERSONAS JURÍDICAS QUE NO DESARROLLAN ACTIVIDAD ECONÓMICA;HOSTELERÍA;Concesión directa - instrumental;5000.0;False;31/12/2024;0;beneficiario no empresarial (asociación/ayuntamiento/parroquia/club/...);0;me;
956832;755272;LOCAL;ELCHE/ELX;CONVOCATORIA DE SUBVENCIONES A ASOCIACIONES EMPRESARIALES DE COMERCIOS Y HOSTELERÍA 2024.;PERSONAS JURÍDICAS QUE NO DESARROLLAN ACTIVIDAD ECONÓMICA;Actividades de organizaciones empresariales, profesionales y patronales;Concurrencia competitiva - canónica;40000.0;False;;0;beneficiario no empresarial (asociación/ayuntamiento/parroquia/club/...);0;me;
947574;746014;LOCAL;CULLERA;CONVENIO ASOCIACION HOSTELERIA DE CULLERA 2024;PERSONAS JURÍDICAS QUE NO DESARROLLAN ACTIVIDAD ECONÓMICA;HOSTELERÍA;Concesión directa - instrumental;20000.0;False;29/02/2024;0;beneficiario no empresarial (asociación/ayuntamiento/parroquia/club/...);0;me;
943512;741952;LOCAL;VILA-REAL;Subvención nominativa-convenio con Associació d'hosteleria i oci de Vila-real (ASHIOVI) para actividades de apoyo al sector de hostelería y ocio-2023;PERSONAS JURÍDICAS QUE NO DESARROLLAN ACTIVIDAD ECONÓMICA;HOSTELERÍA;Concesión directa - instrumental;75000.0;True;;0;beneficiario no empresarial (asociación/ayuntamiento/parroquia/club/...);0;me;
921018;719458;LOCAL;BIAR;"Bases reguladoras de las ayudas ""Bono consumo 2023"", destinadas al comercio, hostelería y los servicios del municipio de Biar.";PERSONAS FÍSICAS QUE NO DESARROLLAN ACTIVIDAD ECONÓMICA;OTROS SERVICIOS | TRANSPORTE Y ALMACENAMIENTO;Concurrencia competitiva - canónica;74874.0;False;;0;beneficiario no empresarial (asociación/ayuntamiento/parroquia/club/...);1;me;
917462;715902;LOCAL;FORMENTERA DEL SEGURA;PROGRAMA DE AYUDAS “BONO-CONSUMO 2023 CAMPAÑA OTOÑO” DESTINADAS A INCENTIVAR EL CONSUMO DE PROXIMIDAD EN EL COMERCIO, HOSTELERÍA Y SERVICIOS DE FORMENTERA DEL SEGURA;PERSONAS FÍSICAS QUE NO DESARROLLAN ACTIVIDAD ECONÓMICA;ACTIVIDADES DE EDICIÓN, RADIODIFUSIÓN Y PRODUCCIÓN Y DISTRIBUCIÓN DE CONTENIDOS | COMERCIO AL POR MAYOR Y AL POR MENOR | OTROS SERVICIOS;Concurrencia competitiva - canónica;50885.0;False;28/09/2023;0;beneficiario no empresarial (asociación/ayuntamiento/parroquia/club/...);1;me;
900662;699102;LOCAL;AGRES;CONVOCATORIA AYUDAS BONO CONSUMO 2023 DESTINADAS AL COMERCIO, HOSTELERÍA Y SERVICIOS DEL MUNICIPIO DE AGRES;PYME Y PERSONAS FÍSICAS QUE DESARROLLAN ACTIVIDAD ECONÓMICA;ACTIVIDADES DE EDICIÓN, RADIODIFUSIÓN Y PRODUCCIÓN Y DISTRIBUCIÓN DE CONTENIDOS | COMERCIO AL POR MAYOR Y AL POR MENOR | HOSTELERÍA | OTROS SERVICIOS | TRANSPORTE Y ALMACENAMIENTO;Concesión directa - canónica;26099.0;False;;2;beneficiario empresarial claro;2;me;
892263;690703;LOCAL;BORRIANA/BURRIANA;Convenio Asociación Hostelería Burriana 2023;PERSONAS JURÍDICAS QUE NO DESARROLLAN ACTIVIDAD ECONÓMICA;HOSTELERÍA;Concesión directa - instrumental;5000.0;False;25/04/2023;0;beneficiario no empresarial (asociación/ayuntamiento/parroquia/club/...);0;me;
888197;686637;LOCAL;ALICANTE/ALACANT;Subv. destinadas a asociaciones para la promoción y dinamización del sector comercio y hostelería 2023;PERSONAS JURÍDICAS QUE NO DESARROLLAN ACTIVIDAD ECONÓMICA;ADMINISTRACIÓN PÚBLICA Y DEFENSA;;;;;;;0;me;
887722;686162;LOCAL;ELCHE/ELX;CONVOCATORIA PROGRAMA DE SUBVENCIONES A ASOCIACIONES EMPRESARIALES DE COMERCIOS Y HOSTELERÍA 2023;PERSONAS JURÍDICAS QUE NO DESARROLLAN ACTIVIDAD ECONÓMICA;Actividades de organizaciones empresariales, profesionales y patronales;Concurrencia competitiva - canónica;40000.0;False;;0;beneficiario no empresarial (asociación/ayuntamiento/parroquia/club/...);0;me;
887316;685756;LOCAL;FORMENTERA DEL SEGURA;AYUDAS “BONO-CONSUMO 2023 CAMPAÑA PRIMAVERA” DESTINADAS A INCENTIVAR EL CONSUMO DE PROXIMIDAD EN EL COMERCIO, HOSTELERÍA Y SERVICIOS DE FORMENTERA DEL SEGURA;PERSONAS FÍSICAS QUE NO DESARROLLAN ACTIVIDAD ECONÓMICA;Actividades de programación, radiodifusión, agencias de noticias y otras actividades de distribución de contenidos | Comercio al por menor | OTROS SERVICIOS | Servicios de comidas y bebidas | TRANSPORTE Y ALMACENAMIENTO;Concurrencia competitiva - canónica;43200.0;False;09/05/2023;0;beneficiario no empresarial (asociación/ayuntamiento/parroquia/club/...);1;me;
879214;677654;LOCAL;VILA-REAL;Subvención nominativa-Convenio  con la Associació d'hostaleria i oci de Vila-real (ASHIOVI) para actividades de apoyo al sector de hostelería y ocio-2022;PERSONAS JURÍDICAS QUE NO DESARROLLAN ACTIVIDAD ECONÓMICA;HOSTELERÍA;Concesión directa - instrumental;60000.0;True;;0;beneficiario no empresarial (asociación/ayuntamiento/parroquia/club/...);0;me;
877694;676134;LOCAL;CULLERA;CONVENIO  DE COLABORACIÓN ENTRE EL AYUNTAMIENTO DE CULLERA Y LA  ASOCIACIÓN  DE EMPRESARIOS DE HOSTELERIA Y TURISMO DE CULLERA Y LA RIBERA BAJA 2023;PYME Y PERSONAS FÍSICAS QUE DESARROLLAN ACTIVIDAD ECONÓMICA;HOSTELERÍA;Concesión directa - instrumental;20000.0;False;14/02/2023;2;beneficiario empresarial claro;2;me;
667007;465447;LOCAL;MANISES;Subvención a la Asociación para la Innovación Empresarial de Manises ASIMANISES 2019;PERSONAS JURÍDICAS QUE NO DESARROLLAN ACTIVIDAD ECONÓMICA;ORGANISMOS EXTRATERRITORIALES;Concesión directa - instrumental;5000.0;False;28/06/2019;0;beneficiario no empresarial (asociación/ayuntamiento/parroquia/club/...);0;me;
715262;513702;LOCAL;BOCAIRENT;Complementar las ayudas del presidente del Instituto Valenciano de Competitividad Empresarial (IVACE), por la que se convocan ayudas del Plan Renove de Ventanas;PERSONAS FÍSICAS QUE NO DESARROLLAN ACTIVIDAD ECONÓMICA;ACTIVIDADES ADMINISTRATIVAS Y SERVICIOS AUXILIARES | ACTIVIDADES ARTÍSTICAS, DEPORTIVAS Y DE ENTRETENIMIENTO | ACTIVIDADES INMOBILIARIAS | CONSTRUCCIÓN;Concesión directa - canónica;3000.0;False;15/10/2020;0;beneficiario no empresarial (asociación/ayuntamiento/parroquia/club/...);0;me;
692926;491366;OTROS;UNIVERSITAT POLITÈCNICA DE VALÈNCIA;Resolución del 18/12/2019, del Rector de la Universitat Politècnica de València, por la que se convocan las ¿BECAS UPV-IVACE¿. Convocatoria 2020;PERSONAS FÍSICAS QUE NO DESARROLLAN ACTIVIDAD ECONÓMICA;Actividades auxiliares a la educación;Concurrencia competitiva - canónica;22000.0;False;10/01/2020;0;beneficiario no empresarial (asociación/ayuntamiento/parroquia/club/...);0;me;
1107906;906345;OTROS;UNIVERSIDAD MIGUEL HERNÁNDEZ DE ELCHE;AYUDAS DEL SERVICIO ESPAÑOL PARA LA INTERNACIONALIZACIÓN DE LA EDUCACIÓN (SEPIE) Y AYUDAS COMPLEMENTARIAS UMH PARA ESTUDIANTES PARTICIPANTES EN EL PROGRAMA DE MOVILIDAD INTERNACIONAL ERASMUS+ CON FINES DE ESTUDIOS. CURSO ACADÉMICO 2026/2027;PERSONAS FÍSICAS QUE NO DESARROLLAN ACTIVIDAD ECONÓMICA;Educación;Concurrencia competitiva - canónica;673600.0;False;;0;beneficiario no empresarial (asociación/ayuntamiento/parroquia/club/...);0;me;
1086675;885114;OTROS;UNIVERSITAT POLITÈCNICA DE VALÈNCIA;Convocatoria III edición de los Premios “La Ciència a les Falles” del Vicerrectorado de Internacionalización y Comunicación;PERSONAS JURÍDICAS QUE NO DESARROLLAN ACTIVIDAD ECONÓMICA;Actividades auxiliares a la educación;Concurrencia competitiva - canónica;1600.0;False;14/03/2026;0;premio/certamen/concurso, no es ayuda económica a la actividad empresarial;0;me;
1076800;875239;OTROS;UNIVERSIDAD MIGUEL HERNÁNDEZ DE ELCHE;CONVOCATORIA ANTICIPADA PARA EL EJERCICIO 2026 DEL PROGRAMA DE AYUDAS DE MOVILIDAD PARA ACTIVIDADES DE INTERNACIONALIZACIÓN DE LA DOCENCIA DE LA UMH - PROGRAMA DESTINO PDI - DOCENCIA 2026 (Código de subvención: 11-131-4-2026-0109-S);PERSONAS FÍSICAS QUE NO DESARROLLAN ACTIVIDAD ECONÓMICA;Educación;Concurrencia competitiva - canónica;17500.0;False;;0;beneficiario no empresarial (asociación/ayuntamiento/parroquia/club/...);0;me;
1037120;835559;OTROS;UNIVERSIDAD MIGUEL HERNÁNDEZ DE ELCHE;AYUDAS DEL SERVICIO ESPAÑOL PARA LA INTERNACIONALIZACIÓN DE LA EDUCACION (SEPIE) Y AYUDAS COMPLEMENTARIAS UMH PARA ESTUDIANTES PARTICIPANTES EN EL PROGRAMA DE MOVILIDAD INTERNACIONAL ERASMUS+ CON FINES DE ESTUDIOS. CURSO ACADÉMICO 2025/2026.;PERSONAS FÍSICAS QUE NO DESARROLLAN ACTIVIDAD ECONÓMICA;Educación;Concurrencia competitiva - canónica;790000.0;False;;0;beneficiario no empresarial (asociación/ayuntamiento/parroquia/club/...);0;me;
1021309;819749;OTROS;UNIVERSITAT POLITÈCNICA DE VALÈNCIA;Convocatoria II edición de los Premios “La Ciència a les Falles” del Vicerrectorado de Internacionalización y Comunicación;PERSONAS JURÍDICAS QUE NO DESARROLLAN ACTIVIDAD ECONÓMICA;Actividades deportivas | Otra educación;Concurrencia competitiva - canónica;1600.0;False;14/03/2025;0;premio/certamen/concurso, no es ayuda económica a la actividad empresarial;0;me;
1016616;815056;OTROS;UNIVERSIDAD MIGUEL HERNÁNDEZ DE ELCHE;PROGRAMA DE AYUDAS DE MOVILIDAD PARA ACTIVIDADES DE INTERNACIONALIZACIÓN DE LA DOCENCIA DE LA UMH - PROGRAMA DESTINO PDI - DOCENCIA 2025 (código de subvención 11-131-4-2025-0107-S y código de subvención 11-131-4-2025-0104-S);PERSONAS FÍSICAS QUE NO DESARROLLAN ACTIVIDAD ECONÓMICA;Actividades deportivas, recreativas y de entretenimiento | Educación;Concurrencia competitiva - canónica;37500.0;False;;0;beneficiario no empresarial (asociación/ayuntamiento/parroquia/club/...);0;me;
1006000;804440;OTROS;UNIVERSIDAD MIGUEL HERNÁNDEZ DE ELCHE;2ª CONVOCATORIA DE AYUDAS DEL SERVICIO ESPAÑOL PARA LA INTERNACIONALIZACIÓN DE LA EDUCACION (SEPIE) Y AYUDAS COMPLEMENTARIAS UMH PARA ESTUDIANTES PARTICIPANTES EN EL PROGRAMA DE MOVILIDAD INTERNACIONAL ERASMUS+ CON FINES DE ESTUDIOS 2024/2025;PERSONAS FÍSICAS QUE NO DESARROLLAN ACTIVIDAD ECONÓMICA;Actividades deportivas, recreativas y de entretenimiento | Educación;Concurrencia competitiva - canónica;69651.0;False;;0;beneficiario no empresarial (asociación/ayuntamiento/parroquia/club/...);0;me;
964552;762992;OTROS;UNIVERSIDAD MIGUEL HERNÁNDEZ DE ELCHE;AYUDAS DEL SERVICIO ESPAÑOL PARALA INTERNACIONALIZACIÓN DE LA EDUCACIÓN (SEPIE) Y AYUDAS COMPLEMENTARIAS UMH PARA ESTUDIANTES PARTICIPANTES EN EL PROGRAMA DE MOVILIDAD INTERNACIONAL ERASMUS + CON FINES DE ESTUDIOS, CURSO ACADÉMICO 2024/2025;;;;;;;;;0;me;
;PERSONAS FÍSICAS QUE NO DESARROLLAN ACTIVIDAD ECONÓMICA;Actividades deportivas;" recreativas y de entretenimiento | Educación""";Concurrencia competitiva - canónica;660000.0;False;;0;beneficiario no empresarial (asociación/ayuntamiento/parroquia/club/...);;;;0;me;
944594;743034;OTROS;UNIVERSIDAD MIGUEL HERNÁNDEZ DE ELCHE;PROGRAMA DE AYUDAS DE MOVILIDAD PARA ACTIVIDADES DE INTERNACIONALIZACIÓN DE LA UMH PROGRAMA DESTINO PTGAS - FORMACIÓN 2024 (código de subvención: 11-131-4-2024-0115-S y código de subvención: 11-131-4-2024-0128-S);PERSONAS FÍSICAS QUE NO DESARROLLAN ACTIVIDAD ECONÓMICA;Actividades deportivas, recreativas y de entretenimiento | Educación;Concurrencia competitiva - canónica;27500.0;False;;0;beneficiario no empresarial (asociación/ayuntamiento/parroquia/club/...);0;me;
943965;742405;OTROS;UNIVERSIDAD MIGUEL HERNÁNDEZ DE ELCHE;PROGRAMA DE AYUDAS DE MOVILIDAD PARA ACTIVIDADES DE INTERNACIONALIZACIÓN DE LA DOCENCIA DE LA UMH -PROGRAMA DESTINO PDI - DOCENCIA 2024 (código de subvención: 11-131-4-2024-0114-S y código de subvención: 11-131-4-2024-0128-S);PERSONAS FÍSICAS QUE NO DESARROLLAN ACTIVIDAD ECONÓMICA;Actividades deportivas, recreativas y de entretenimiento | Educación;Concurrencia competitiva - canónica;38000.0;False;;0;beneficiario no empresarial (asociación/ayuntamiento/parroquia/club/...);0;me;
905060;703500;OTROS;UNIVERSIDAD MIGUEL HERNÁNDEZ DE ELCHE;RESOLUCIÓN RECTORAL DE LA UNIVERSIDAD MIGUEL HERNÁNDEZ DE ELCHE POR LA QUE SE CONVOCAN AYUDAS DEL SERVICIO ESPAÑOL PARA LA INTERNACIONALIZACIÓN DE LA EDUCACIÓN (SEPIE) Y AYUDAS COMPLEMENTARIAS UMH PARA ESTUDIANTES PARTICIPANTES EN EL PROGRAMA DE MOVILIDAD;PERSONAS FÍSICAS QUE NO DESARROLLAN ACTIVIDAD ECONÓMICA;Actividades deportivas, recreativas y de entretenimiento | Educación;Concurrencia competitiva - canónica;499525.0;False;;0;beneficiario no empresarial (asociación/ayuntamiento/parroquia/club/...);0;me;
874727;673167;OTROS;UNIVERSIDAD MIGUEL HERNÁNDEZ DE ELCHE;RESOLUCIÓN DE LA UNIVERSIDAD MIGUEL HERNÁNDEZ DE ELCHE POR LA QUE SE CONVOCA EL PROGRAMA DE AYUDAS DE MOVILIDAD PARA ACTIVIDADES DE INTERNACIONALIZACIÓN DE LA UMH - PROGRAMA DESTINO PAS - FORMACIÓN 2023 (código de subvención: 11-131-4-2023-0117;PYME Y PERSONAS FÍSICAS QUE DESARROLLAN ACTIVIDAD ECONÓMICA;Actividades deportivas, recreativas y de entretenimiento | Educación;Concurrencia competitiva - canónica;7500.0;False;;2;beneficiario empresarial claro;2;me;
873655;672095;OTROS;UNIVERSIDAD MIGUEL HERNÁNDEZ DE ELCHE;RESOLUCIÓN DE LA UNIVERSIDAD MIGUEL HERNÁNDEZ DE ELCHE POR LA QUE SE CONVOCA EL PROGRAMA DE AYUDAS DE MOVILIDAD PARA ACTIVIDADES DE INTERNACIONALIZACIÓN DE LA DOCENCIA DE LA UMH ¿ PROGRAMA DESTINO PDI - DOCENCIA 2023 (código de subvención: 11-131-4- 2023-;PYME Y PERSONAS FÍSICAS QUE DESARROLLAN ACTIVIDAD ECONÓMICA;Actividades deportivas, recreativas y de entretenimiento | Educación;Concurrencia competitiva - canónica;17500.0;False;;2;beneficiario empresarial claro;2;me;
835809;634249;OTROS;UNIVERSIDAD MIGUEL HERNÁNDEZ DE ELCHE;RESOLUCIÓN RECTORAL DE LA UNIVERSIDAD MIGUEL HERNÁNDEZ DE ELCHE POR LA QUE SE CONVOCAN AYUDAS DEL SERVICIO ESPAÑOL PARA LA INTERNACIONALIZACIÓN DE LA EDUCACIÓN (SEPIE) Y AYUDAS COMPLEMENTARIAS UMH PARA ESTUDIANTES PARTICIPANTES EN EL PROGRAMA DE MOVILIDAD;PYME Y PERSONAS FÍSICAS QUE DESARROLLAN ACTIVIDAD ECONÓMICA;Actividades deportivas, recreativas y de entretenimiento | Educación;Concurrencia competitiva - canónica;447052.0;False;07/07/2022;2;beneficiario empresarial claro;2;me;
813128;611568;OTROS;UNIVERSIDAD MIGUEL HERNÁNDEZ DE ELCHE;RESOLUCIÓN DE LA UNIVERSIDAD MIGUEL HERNÁNDEZ DE ELCHE POR LA QUE SE CONVOCA EL PROGRAMA DE AYUDAS DE MOVILIDAD PARA ACTIVIDADES DE INTERNACIONALIZACIÓN DE LA UMH - PROGRAMA DESTINO PAS - FORMACIÓN 2022 (código de subvención: 11-131-4-2022-0060);PYME Y PERSONAS FÍSICAS QUE DESARROLLAN ACTIVIDAD ECONÓMICA;Actividades deportivas, recreativas y de entretenimiento | Educación;Concurrencia competitiva - canónica;7500.0;False;14/03/2022;2;beneficiario empresarial claro;2;me;
791526;589966;OTROS;CÁMARA DE COMERCIO DE VALENCIA;CONVOCATORIA INT-eCOMM PARA LA INTERNACIONALIZACIÓN DE LAS PYMES A TRAVÉS DE E-COMMERCE 2021 - Cámara Valencia;PYME Y PERSONAS FÍSICAS QUE DESARROLLAN ACTIVIDAD ECONÓMICA;ACTIVIDADES ADMINISTRATIVAS Y SERVICIOS AUXILIARES | ACTIVIDADES ARTÍSTICAS, DEPORTIVAS Y DE ENTRETENIMIENTO | ACTIVIDADES DE EDICIÓN, RADIODIFUSIÓN Y PRODUCCIÓN Y DISTRIBUCIÓN DE CONTENIDOS | ACTIVIDADES DE LOS HOGARES COMO EMPLEADORES Y COMO PRODUCTORES DE BIENES Y SERVICIOS NO DIFERENCIADOS PARA USO PROPIO | ACTIVIDADES FINANCIERAS Y DE SEGUROS | ACTIVIDADES INMOBILIARIAS | ACTIVIDADES PROFESIONALES, CIENTÍFICAS Y TÉCNICAS | ACTIVIDADES SANITARIAS Y DE SERVICIOS SOCIALES | ADMINISTRACIÓN PÚBLICA Y DEFENSA;;;;;;;2;me;
783601;582041;OTROS;CÁMARA DE COMERCIO DE VALENCIA;Convocatoria Programa de Gestión de Marca para la Internacionalización  2021 - Cámara Valencia;PYME Y PERSONAS FÍSICAS QUE DESARROLLAN ACTIVIDAD ECONÓMICA;ACTIVIDADES ADMINISTRATIVAS Y SERVICIOS AUXILIARES | ACTIVIDADES ARTÍSTICAS, DEPORTIVAS Y DE ENTRETENIMIENTO | ACTIVIDADES DE EDICIÓN, RADIODIFUSIÓN Y PRODUCCIÓN Y DISTRIBUCIÓN DE CONTENIDOS | ACTIVIDADES DE LOS HOGARES COMO EMPLEADORES Y COMO PRODUCTORES DE BIENES Y SERVICIOS NO DIFERENCIADOS PARA USO PROPIO | ACTIVIDADES FINANCIERAS Y DE SEGUROS | ACTIVIDADES INMOBILIARIAS | ACTIVIDADES PROFESIONALES, CIENTÍFICAS Y TÉCNICAS | ACTIVIDADES SANITARIAS Y DE SERVICIOS SOCIALES | ADMINISTRACIÓN PÚBLICA Y DEFENSA;;;;;;;2;me;
779277;577717;OTROS;UNIVERSIDAD MIGUEL HERNÁNDEZ DE ELCHE;RESOLUCIÓN RECTORAL DE LA UNIVERSIDAD MIGUEL HERNÁNDEZ DE ELCHE POR LA QUE SE CONVOCAN AYUDAS DEL SERVICIO ESPAÑOL PARA LA INTERNACIONALIZACIÓN DE LA EDUCACIÓN (SEPIE) Y AYUDAS COMPLEMENTARIAS UMH PARA ESTUDIANTES PARTICIPANTES EN EL PROGRAMA DE MOVILIDAD;PERSONAS FÍSICAS QUE NO DESARROLLAN ACTIVIDAD ECONÓMICA;Actividades deportivas | Otra educación;Concurrencia competitiva - canónica;536750.0;False;08/09/2021;0;beneficiario no empresarial (asociación/ayuntamiento/parroquia/club/...);0;me;
764293;562733;OTROS;UNIVERSIDAD MIGUEL HERNÁNDEZ DE ELCHE;RESOLUCIÓN RECTORAL DE LA UNIVERSIDAD MIGUEL HERNÁNDEZ DE ELCHE POR LA QUE SE CONVOCAN AYUDAS DE MOVILIDAD PARA ACTIVIDADES DE INTERNACIONALIZACIÓN DE LA DOCENCIA DE LA UMH - PROGRAMA DESTINO PDI - DOCENCIA 2021 .;PYME Y PERSONAS FÍSICAS QUE DESARROLLAN ACTIVIDAD ECONÓMICA;Actividades deportivas | Otra educación;Concurrencia competitiva - canónica;23870.0;False;03/06/2021;2;beneficiario empresarial claro;2;me;
